"game_date","away_team","home_team","status","winner","favored_team","away_win_probability","home_win_probability","game_id","away_score","home_score","away_record","home_record","away_win_pct","home_win_pct","away_ppg","home_ppg","away_opp_ppg","home_opp_ppg","away_net_rtg","home_net_rtg","away_pace","home_pace","rest_advantage","game_time"
"2026-03-15","Minnesota Timberwolves","Oklahoma City Thunder","Final","Oklahoma City Thunder","Oklahoma City Thunder",0.1352,0.8648,"401810831","103","116","41-27","53-15",0.598,0.78,118,119,114.6,107.9,3.4,11.1,100,100,0,"05:00 PM ET"
"2026-03-15","Dallas Mavericks","Cleveland Cavaliers","Final","Dallas Mavericks","Cleveland Cavaliers",0.0518,0.9482,"401810832","130","120","23-45","41-27",0.317,0.634,114.1,119.5,119.6,115.4,-5.5,4.1,100,100,0,"07:30 PM ET"
"2026-03-15","Detroit Pistons","Toronto Raptors","Final","Toronto Raptors","Detroit Pistons",0.6852,0.3148,"401810833","108","119","48-19","38-29",0.732,0.561,117.8,114.6,109.6,111.8,8.2,2.8,100,100,0,"07:30 PM ET"
"2026-03-15","Indiana Pacers","Milwaukee Bucks","Final","Milwaukee Bucks","Milwaukee Bucks",0.1787,0.8213,"401810834","123","134","15-53","28-39",0.232,0.39,112.4,110.6,120.4,116.8,-8,-6.2,100,100,0,"07:30 PM ET"
"2026-03-15","Portland Trail Blazers","Philadelphia 76ers","Final","Philadelphia 76ers","Philadelphia 76ers",0.3147,0.6853,"401810835","103","109","32-36","37-31",0.512,0.549,115.5,115.9,115.8,116.1,-0.3,-0.2,100,100,0,"10:00 PM ET"
"2026-03-15","Golden State Warriors","New York Knicks","Final","New York Knicks","New York Knicks",0.1237,0.8763,"401810836","107","110","32-35","44-25",0.451,0.646,114.6,116.5,115.2,110.1,-0.6,6.3,100,100,0,"12:00 AM ET"
"2026-03-15","Utah Jazz","Sacramento Kings","Final","Sacramento Kings","Sacramento Kings",0.4282,0.5718,"401810837","111","116","20-48","18-51",0.268,0.268,117.6,111,126,121,-8.4,-10,100,100,0,"02:00 AM ET"
"2026-03-16","Orlando Magic","Atlanta Hawks","Final","Atlanta Hawks","Atlanta Hawks",0.3285,0.6715,"401810838","112","124","38-29","37-31",0.549,0.561,115.7,118.5,115.1,116,0.6,2.4,100,100,0,"11:00 PM ET"
"2026-03-16","Golden State Warriors","Washington Wizards","Final","Golden State Warriors","Golden State Warriors",0.6036,0.3964,"401810839","125","117","33-35","16-51",0.451,0.207,114.6,112.9,115.2,124.9,-0.6,-12,100,100,2,"11:00 PM ET"
"2026-03-16","Portland Trail Blazers","Brooklyn Nets","Final","Portland Trail Blazers","Portland Trail Blazers",0.6909,0.3091,"401810840","114","95","33-36","17-51",0.512,0.244,115.5,105.9,115.8,115.9,-0.3,-10,100,100,2,"11:30 PM ET"
"2026-03-16","Phoenix Suns","Boston Celtics","Final","Boston Celtics","Boston Celtics",0.1735,0.8265,"401810841","112","120","39-29","45-23",0.549,0.683,112.6,114.9,111.1,107.2,1.5,7.7,100,100,0,"11:30 PM ET"
"2026-03-16","Memphis Grizzlies","Chicago Bulls","Final","Chicago Bulls","Chicago Bulls",0.2569,0.7431,"401810842","107","132","23-44","28-40",0.305,0.378,114.7,116.3,120.7,121.5,-6,-5.2,100,100,0,"12:00 AM ET"
"2026-03-16","Dallas Mavericks","New Orleans Pelicans","Final","New Orleans Pelicans","New Orleans Pelicans",0.1894,0.8106,"401810843","111","129","23-46","23-46",0.317,0.317,114.1,115.5,119.6,120,-5.5,-4.5,100,100,2,"12:00 AM ET"
"2026-03-16","Los Angeles Lakers","Houston Rockets","Final","Los Angeles Lakers","Houston Rockets",0.3878,0.6122,"401810844","100","92","43-25","41-26",0.646,0.634,116.3,115.2,114.6,110,1.8,5.2,100,100,0,"01:30 AM ET"
"2026-03-16","San Antonio Spurs","LA Clippers","Final","San Antonio Spurs","San Antonio Spurs",0.7975,0.2025,"401810845","119","115","50-18","34-34",0.756,0.512,119.8,113.8,111.5,112.6,8.3,1.1,100,100,0,"02:00 AM ET"
"2026-03-17","Miami Heat","Charlotte Hornets","Final","Charlotte Hornets","Charlotte Hornets",0.3806,0.6194,"401810846","106","136","38-31","35-34",0.524,0.537,120.9,116,118.5,111.2,2.3,4.8,100,100,0,"11:00 PM ET"
"2026-03-17","Oklahoma City Thunder","Orlando Magic","Final","Oklahoma City Thunder","Oklahoma City Thunder",0.8434,0.1566,"401810847","113","108","54-15","38-30",0.78,0.549,119,115.7,107.9,115.1,11.1,0.6,100,100,-1,"11:00 PM ET"
"2026-03-17","Detroit Pistons","Washington Wizards","Final","Detroit Pistons","Detroit Pistons",0.9781,0.0219,"401810848","130","117","49-19","16-52",0.732,0.207,117.8,112.9,109.6,124.9,8.2,-12,100,100,-1,"11:00 PM ET"
"2026-03-17","Indiana Pacers","New York Knicks","Final","New York Knicks","New York Knicks",0.0274,0.9726,"401810849","110","136","15-54","45-25",0.232,0.646,112.4,116.5,120.4,110.1,-8,6.3,100,100,0,"11:30 PM ET"
"2026-03-17","Cleveland Cavaliers","Milwaukee Bucks","Final","Cleveland Cavaliers","Cleveland Cavaliers",0.8186,0.1814,"401810850","123","116","42-27","28-40",0.634,0.39,119.5,110.6,115.4,116.8,4.1,-6.2,100,100,0,"12:00 AM ET"
"2026-03-17","Phoenix Suns","Minnesota Timberwolves","Final","Minnesota Timberwolves","Minnesota Timberwolves",0.1857,0.8143,"401810851","104","116","39-30","42-27",0.549,0.598,112.6,118,111.1,114.6,1.5,3.4,100,100,1,"12:00 AM ET"
"2026-03-17","Philadelphia 76ers","Denver Nuggets","Final","Denver Nuggets","Denver Nuggets",0.1242,0.8758,"401810852","96","124","37-32","42-27",0.549,0.659,115.9,122.1,116.1,116.9,-0.2,5.2,100,100,1,"02:00 AM ET"
"2026-03-17","San Antonio Spurs","Sacramento Kings","Final","San Antonio Spurs","San Antonio Spurs",0.9416,0.0584,"401810853","132","104","51-18","18-52",0.756,0.268,119.8,111,111.5,121,8.3,-10,100,100,1,"02:00 AM ET"
"2026-03-18","Golden State Warriors","Boston Celtics","Final","Boston Celtics","Boston Celtics",0.1025,0.8975,"401810854","99","120","33-36","46-23",0.451,0.683,114.6,114.9,115.2,107.2,-0.6,7.7,100,100,0,"11:00 PM ET"
"2026-03-18","Oklahoma City Thunder","Brooklyn Nets","Final","Oklahoma City Thunder","Oklahoma City Thunder",0.9634,0.0366,"401810855","121","92","55-15","17-52",0.78,0.244,119,105.9,107.9,115.9,11.1,-10,100,100,1,"11:30 PM ET"
"2026-03-18","Portland Trail Blazers","Indiana Pacers","Final","Portland Trail Blazers","Portland Trail Blazers",0.8763,0.1237,"401810856","127","119","34-36","15-55",0.512,0.232,115.5,112.4,115.8,120.4,-0.3,-8,100,100,-1,"11:30 PM ET"
"2026-03-18","Toronto Raptors","Chicago Bulls","Final","Toronto Raptors","Toronto Raptors",0.764,0.236,"401810857","139","109","39-29","28-41",0.561,0.378,114.6,116.3,111.8,121.5,2.8,-5.2,100,100,-1,"12:00 AM ET"
"2026-03-18","Utah Jazz","Minnesota Timberwolves","Final","Minnesota Timberwolves","Minnesota Timberwolves",0.1201,0.8799,"401810859","111","147","20-49","43-27",0.268,0.598,117.6,118,126,114.6,-8.4,3.4,100,100,-2,"12:00 AM ET"
"2026-03-18","LA Clippers","New Orleans Pelicans","Final","New Orleans Pelicans","LA Clippers",0.6862,0.3138,"401810860","109","124","34-35","24-46",0.512,0.317,113.8,115.5,112.6,120,1.1,-4.5,100,100,0,"12:00 AM ET"
"2026-03-18","Atlanta Hawks","Dallas Mavericks","Final","Atlanta Hawks","Atlanta Hawks",0.7908,0.2092,"401810861","135","120","38-31","23-47",0.561,0.317,118.5,114.1,116,119.6,2.4,-5.5,100,100,0,"12:30 AM ET"
"2026-03-18","Denver Nuggets","Memphis Grizzlies","Final","Memphis Grizzlies","Denver Nuggets",0.8527,0.1473,"401858693","118","125","42-28","24-44",0.659,0.305,122.1,114.7,116.9,120.7,5.2,-6,100,100,1,"12:30 AM ET"
"2026-03-18","Los Angeles Lakers","Houston Rockets","Final","Los Angeles Lakers","Houston Rockets",0.3878,0.6122,"401810862","124","116","44-25","41-27",0.646,0.634,116.3,115.2,114.6,110,1.8,5.2,100,100,0,"01:30 AM ET"
"2026-03-19","Orlando Magic","Charlotte Hornets","Final","Charlotte Hornets","Charlotte Hornets",0.3746,0.6254,"401810863","111","130","38-31","36-34",0.549,0.537,115.7,116,115.1,111.2,0.6,4.8,100,100,0,"11:00 PM ET"
"2026-03-19","Detroit Pistons","Washington Wizards","Final","Detroit Pistons","Detroit Pistons",0.9665,0.0335,"401810864","117","95","50-19","16-53",0.732,0.207,117.8,112.9,109.6,124.9,8.2,-12,100,100,0,"11:00 PM ET"
"2026-03-19","Los Angeles Lakers","Miami Heat","Final","Los Angeles Lakers","Miami Heat",0.4226,0.5774,"401810865","134","126","45-25","38-32",0.646,0.524,116.3,120.9,114.6,118.5,1.8,2.3,100,100,1,"12:00 AM ET"
"2026-03-19","Cleveland Cavaliers","Chicago Bulls","Final","Cleveland Cavaliers","Cleveland Cavaliers",0.8614,0.1386,"401810866","115","110","43-27","28-42",0.634,0.378,119.5,116.3,115.4,121.5,4.1,-5.2,100,100,-1,"12:00 AM ET"
"2026-03-19","LA Clippers","New Orleans Pelicans","Final","New Orleans Pelicans","LA Clippers",0.6862,0.3138,"401810867","99","105","34-36","25-46",0.512,0.317,113.8,115.5,112.6,120,1.1,-4.5,100,100,0,"12:00 AM ET"
"2026-03-19","Phoenix Suns","San Antonio Spurs","Final","San Antonio Spurs","San Antonio Spurs",0.0994,0.9006,"401810868","100","101","39-31","52-18",0.549,0.756,112.6,119.8,111.1,111.5,1.5,8.3,100,100,0,"12:00 AM ET"
"2026-03-19","Milwaukee Bucks","Utah Jazz","Final","Utah Jazz","Milwaukee Bucks",0.628,0.372,"401810869","96","128","28-41","21-49",0.39,0.268,110.6,117.6,116.8,126,-6.2,-8.4,100,100,-1,"01:00 AM ET"
"2026-03-19","Philadelphia 76ers","Sacramento Kings","Final","Philadelphia 76ers","Philadelphia 76ers",0.8341,0.1659,"401810870","139","118","38-32","18-53",0.549,0.268,115.9,111,116.1,121,-0.2,-10,100,100,0,"02:00 AM ET"
"2026-03-20","New York Knicks","Brooklyn Nets","Final","New York Knicks","New York Knicks",0.9577,0.0423,"401810871","93","92","46-25","17-53",0.646,0.244,116.5,105.9,110.1,115.9,6.3,-10,100,100,-1,"11:30 PM ET"
"2026-03-20","Golden State Warriors","Detroit Pistons","Final","Detroit Pistons","Detroit Pistons",0.104,0.896,"401810872","101","115","33-37","51-19",0.451,0.732,114.6,117.8,115.2,109.6,-0.6,8.2,100,100,-1,"11:30 PM ET"
"2026-03-20","Atlanta Hawks","Houston Rockets","Final","Houston Rockets","Houston Rockets",0.2819,0.7181,"401810873","95","117","38-32","42-27",0.561,0.634,118.5,115.2,116,110,2.4,5.2,100,100,0,"12:00 AM ET"
"2026-03-20","Boston Celtics","Memphis Grizzlies","Final","Boston Celtics","Boston Celtics",0.8963,0.1037,"401810874","117","112","47-23","24-45",0.683,0.305,114.9,114.7,107.2,120.7,7.7,-6,100,100,0,"12:00 AM ET"
"2026-03-20","Portland Trail Blazers","Minnesota Timberwolves","Final","Portland Trail Blazers","Minnesota Timberwolves",0.2284,0.7716,"401810875","108","104","35-36","43-28",0.512,0.598,115.5,118,115.8,114.6,-0.3,3.4,100,100,0,"12:00 AM ET"
"2026-03-20","Toronto Raptors","Denver Nuggets","Final","Denver Nuggets","Denver Nuggets",0.1922,0.8078,"401810876","115","121","39-30","43-28",0.561,0.659,114.6,122.1,111.8,116.9,2.8,5.2,100,100,0,"01:00 AM ET"
"2026-03-21","Oklahoma City Thunder","Washington Wizards","Final","Oklahoma City Thunder","Oklahoma City Thunder",0.9851,0.0149,"401810877","132","111","56-15","16-54",0.78,0.207,119,112.9,107.9,124.9,11.1,-12,100,100,-1,"09:00 PM ET"
"2026-03-21","Memphis Grizzlies","Charlotte Hornets","Final","Charlotte Hornets","Charlotte Hornets",0.0645,0.9355,"401810878","101","124","24-46","37-34",0.305,0.537,114.7,116,120.7,111.2,-6,4.8,100,100,1,"11:00 PM ET"
"2026-03-21","Los Angeles Lakers","Orlando Magic","Final","Los Angeles Lakers","Los Angeles Lakers",0.5375,0.4625,"401810879","105","104","46-25","38-32",0.646,0.549,116.3,115.7,114.6,115.1,1.8,0.6,100,100,0,"11:00 PM ET"
"2026-03-21","Cleveland Cavaliers","New Orleans Pelicans","Final","Cleveland Cavaliers","Cleveland Cavaliers",0.8588,0.1412,"401810880","111","106","44-27","25-47",0.634,0.317,119.5,115.5,115.4,120,4.1,-4.5,100,100,0,"11:00 PM ET"
"2026-03-21","Golden State Warriors","Atlanta Hawks","Final","Atlanta Hawks","Atlanta Hawks",0.1964,0.8036,"401810881","110","126","33-38","39-32",0.451,0.561,114.6,118.5,115.2,116,-0.6,2.4,100,100,0,"12:00 AM ET"
"2026-03-21","Miami Heat","Houston Rockets","Final","Houston Rockets","Houston Rockets",0.3394,0.6606,"401810882","122","123","38-33","43-27",0.524,0.634,120.9,115.2,118.5,110,2.3,5.2,100,100,-1,"12:00 AM ET"
"2026-03-21","Indiana Pacers","San Antonio Spurs","Final","San Antonio Spurs","San Antonio Spurs",0.0182,0.9818,"401810883","119","134","15-56","53-18",0.232,0.756,112.4,119.8,120.4,111.5,-8,8.3,100,100,-1,"12:00 AM ET"
"2026-03-21","LA Clippers","Dallas Mavericks","Final","LA Clippers","LA Clippers",0.5997,0.4003,"401810884","138","131","35-36","23-48",0.512,0.317,113.8,114.1,112.6,119.6,1.1,-5.5,100,100,1,"12:30 AM ET"
"2026-03-21","Philadelphia 76ers","Utah Jazz","Final","Philadelphia 76ers","Philadelphia 76ers",0.7994,0.2006,"401810885","126","116","39-32","21-50",0.549,0.268,115.9,117.6,116.1,126,-0.2,-8.4,100,100,0,"01:30 AM ET"
"2026-03-21","Milwaukee Bucks","Phoenix Suns","Final","Milwaukee Bucks","Phoenix Suns",0.1497,0.8503,"401810886","108","105","29-41","39-32",0.39,0.549,110.6,112.6,116.8,111.1,-6.2,1.5,100,100,0,"02:00 AM ET"
"2026-03-22","Portland Trail Blazers","Denver Nuggets","Final","Denver Nuggets","Denver Nuggets",0.1452,0.8548,"401810887","112","128","35-37","44-28",0.512,0.659,115.5,122.1,115.8,116.9,-0.3,5.2,100,100,0,"09:00 PM ET"
"2026-03-22","Brooklyn Nets","Sacramento Kings","Final","Sacramento Kings","Sacramento Kings",0.218,0.782,"401810888","122","126","17-54","19-53",0.244,0.268,105.9,111,115.9,121,-10,-10,100,100,1,"10:00 PM ET"
"2026-03-22","Washington Wizards","New York Knicks","Final","New York Knicks","New York Knicks",0.0146,0.9854,"401810889","113","145","16-55","47-25",0.207,0.646,112.9,116.5,124.9,110.1,-12,6.3,100,100,1,"11:30 PM ET"
"2026-03-22","Minnesota Timberwolves","Boston Celtics","Final","Minnesota Timberwolves","Boston Celtics",0.2609,0.7391,"401810890","102","92","44-28","47-24",0.598,0.683,118,114.9,114.6,107.2,3.4,7.7,100,100,0,"12:00 AM ET"
"2026-03-22","Toronto Raptors","Phoenix Suns","Final","Phoenix Suns","Toronto Raptors",0.519,0.481,"401810891","98","120","39-31","40-32",0.561,0.549,114.6,112.6,111.8,111.1,2.8,1.5,100,100,-1,"01:00 AM ET"
"2026-03-23","Los Angeles Lakers","Detroit Pistons","Final","Detroit Pistons","Detroit Pistons",0.1596,0.8404,"401810893","110","113","46-26","52-19",0.646,0.732,116.3,117.8,114.6,109.6,1.8,8.2,100,100,1,"11:00 PM ET"
"2026-03-23","Indiana Pacers","Orlando Magic","Final","Indiana Pacers","Orlando Magic",0.0559,0.9441,"401810894","128","126","16-56","38-33",0.232,0.549,112.4,115.7,120.4,115.1,-8,0.6,100,100,0,"11:00 PM ET"
"2026-03-23","Oklahoma City Thunder","Philadelphia 76ers","Final","Oklahoma City Thunder","Oklahoma City Thunder",0.7776,0.2224,"401810895","123","103","57-15","39-33",0.78,0.549,119,115.9,107.9,116.1,11.1,-0.2,100,100,0,"11:00 PM ET"
"2026-03-23","San Antonio Spurs","Miami Heat","Final","San Antonio Spurs","San Antonio Spurs",0.7407,0.2593,"401810896","136","111","54-18","38-34",0.756,0.524,119.8,120.9,111.5,118.5,8.3,2.3,100,100,0,"11:00 PM ET"
"2026-03-23","Memphis Grizzlies","Atlanta Hawks","Final","Atlanta Hawks","Atlanta Hawks",0.0802,0.9198,"401810892","107","146","24-47","40-32",0.305,0.561,114.7,118.5,120.7,116,-6,2.4,100,100,0,"11:30 PM ET"
"2026-03-23","Houston Rockets","Chicago Bulls","Final","Chicago Bulls","Houston Rockets",0.5977,0.4023,"401810897","124","132","43-28","29-42",0.634,0.378,115.2,116.3,110,121.5,5.2,-5.2,100,100,2,"12:00 AM ET"
"2026-03-23","Toronto Raptors","Utah Jazz","Final","Toronto Raptors","Toronto Raptors",0.7362,0.2638,"401810898","143","127","40-31","21-51",0.561,0.268,114.6,117.6,111.8,126,2.8,-8.4,100,100,1,"01:00 AM ET"
"2026-03-23","Golden State Warriors","Dallas Mavericks","Final","Golden State Warriors","Golden State Warriors",0.6088,0.3912,"401810899","137","131","34-38","23-49",0.451,0.317,114.6,114.1,115.2,119.6,-0.6,-5.5,100,100,0,"01:30 AM ET"
"2026-03-23","Brooklyn Nets","Portland Trail Blazers","Final","Portland Trail Blazers","Portland Trail Blazers",0.0618,0.9382,"401810900","99","134","17-55","36-37",0.244,0.512,105.9,115.5,115.9,115.8,-10,-0.3,100,100,0,"02:00 AM ET"
"2026-03-23","Milwaukee Bucks","LA Clippers","Final","LA Clippers","LA Clippers",0.1785,0.8215,"401810901","96","129","29-42","36-36",0.39,0.512,110.6,113.8,116.8,112.6,-6.2,1.1,100,100,0,"02:30 AM ET"
"2026-03-24","Sacramento Kings","Charlotte Hornets","Final","Charlotte Hornets","Charlotte Hornets",0.0435,0.9565,"401810902","90","134","19-54","38-34",0.268,0.537,111,116,121,111.2,-10,4.8,100,100,1,"11:00 PM ET"
"2026-03-24","New Orleans Pelicans","New York Knicks","Final","New York Knicks","New York Knicks",0.0812,0.9188,"401810903","116","121","25-48","48-25",0.317,0.646,115.5,116.5,120,110.1,-4.5,6.3,100,100,-1,"11:30 PM ET"
"2026-03-24","Orlando Magic","Cleveland Cavaliers","Final","Cleveland Cavaliers","Cleveland Cavaliers",0.1069,0.8931,"401810904","131","136","38-34","45-27",0.549,0.634,115.7,119.5,115.1,115.4,0.6,4.1,100,100,2,"12:00 AM ET"
"2026-03-24","Denver Nuggets","Phoenix Suns","Final","Denver Nuggets","Denver Nuggets",0.635,0.365,"401810905","125","123","45-28","40-33",0.659,0.549,122.1,112.6,116.9,111.1,5.2,1.5,100,100,0,"03:00 AM ET"
"2026-03-25","Atlanta Hawks","Detroit Pistons","Final","Atlanta Hawks","Detroit Pistons",0.1541,0.8459,"401810906","130","129","41-32","52-20",0.561,0.732,118.5,117.8,116,109.6,2.4,8.2,100,100,0,"11:00 PM ET"
"2026-03-25","Los Angeles Lakers","Indiana Pacers","Final","Los Angeles Lakers","Los Angeles Lakers",0.9209,0.0791,"401810907","137","130","47-26","16-57",0.646,0.232,116.3,112.4,114.6,120.4,1.8,-8,100,100,0,"11:00 PM ET"
"2026-03-25","Chicago Bulls","Philadelphia 76ers","Final","Philadelphia 76ers","Philadelphia 76ers",0.1544,0.8456,"401810908","137","157","29-43","40-33",0.378,0.549,116.3,115.9,121.5,116.1,-5.2,-0.2,100,100,0,"11:00 PM ET"
"2026-03-25","Oklahoma City Thunder","Boston Celtics","Final","Boston Celtics","Boston Celtics",0.4641,0.5359,"401810909","109","119","57-16","48-24",0.78,0.683,119,114.9,107.9,107.2,11.1,7.7,100,100,1,"11:30 PM ET"
"2026-03-25","Miami Heat","Cleveland Cavaliers","Final","Miami Heat","Cleveland Cavaliers",0.3129,0.6871,"401810910","120","103","39-34","45-28",0.524,0.634,120.9,119.5,118.5,115.4,2.3,4.1,100,100,-1,"11:30 PM ET"
"2026-03-25","San Antonio Spurs","Memphis Grizzlies","Final","San Antonio Spurs","San Antonio Spurs",0.9427,0.0573,"401810911","123","98","55-18","24-48",0.756,0.305,119.8,114.7,111.5,120.7,8.3,-6,100,100,0,"12:00 AM ET"
"2026-03-25","Washington Wizards","Utah Jazz","Final","Washington Wizards","Utah Jazz",0.3351,0.6649,"401810912","133","110","17-55","21-52",0.207,0.268,112.9,117.6,124.9,126,-12,-8.4,100,100,-1,"01:00 AM ET"
"2026-03-25","Houston Rockets","Minnesota Timberwolves","Final","Minnesota Timberwolves","Minnesota Timberwolves",0.3131,0.6869,"401810913","108","110","43-29","45-28",0.634,0.598,115.2,118,110,114.6,5.2,3.4,100,100,1,"01:42 AM ET"
"2026-03-25","Dallas Mavericks","Denver Nuggets","Final","Denver Nuggets","Denver Nuggets",0.0611,0.9389,"401810914","135","142","23-50","46-28",0.317,0.659,114.1,122.1,119.6,116.9,-5.5,5.2,100,100,-1,"02:00 AM ET"
"2026-03-25","Brooklyn Nets","Golden State Warriors","Final","Golden State Warriors","Golden State Warriors",0.0921,0.9079,"401810915","106","109","17-56","35-38",0.244,0.451,105.9,114.6,115.9,115.2,-10,-0.6,100,100,0,"02:00 AM ET"
"2026-03-25","Milwaukee Bucks","Portland Trail Blazers","Final","Portland Trail Blazers","Portland Trail Blazers",0.1735,0.8265,"401810916","99","130","29-43","37-37",0.39,0.512,110.6,115.5,116.8,115.8,-6.2,-0.3,100,100,0,"02:00 AM ET"
"2026-03-25","Toronto Raptors","LA Clippers","Final","LA Clippers","LA Clippers",0.4624,0.5376,"401810917","94","119","40-32","37-36",0.561,0.512,114.6,113.8,111.8,112.6,2.8,1.1,100,100,0,"02:30 AM ET"
"2026-03-26","New York Knicks","Charlotte Hornets","Final","Charlotte Hornets","New York Knicks",0.5572,0.4428,"401810918","103","114","48-26","39-34",0.646,0.537,116.5,116,110.1,111.2,6.3,4.8,100,100,0,"11:00 PM ET"
"2026-03-26","New Orleans Pelicans","Detroit Pistons","Final","Detroit Pistons","Detroit Pistons",0.0449,0.9551,"401810919","108","129","25-49","53-20",0.317,0.732,115.5,117.8,120,109.6,-4.5,8.2,100,100,-1,"11:00 PM ET"
"2026-03-26","Sacramento Kings","Orlando Magic","Final","Orlando Magic","Orlando Magic",0.0652,0.9348,"401810920","117","121","19-55","39-34",0.268,0.549,111,115.7,121,115.1,-10,0.6,100,100,0,"11:00 PM ET"
"2026-03-27","LA Clippers","Indiana Pacers","Final","LA Clippers","LA Clippers",0.8157,0.1843,"401810921","114","113","38-36","16-58",0.512,0.232,113.8,112.4,112.6,120.4,1.1,-8,100,100,0,"11:00 PM ET"
"2026-03-27","Atlanta Hawks","Boston Celtics","Final","Boston Celtics","Boston Celtics",0.2172,0.7828,"401810922","102","109","41-33","49-24",0.561,0.683,118.5,114.9,116,107.2,2.4,7.7,100,100,0,"11:30 PM ET"
"2026-03-27","Miami Heat","Cleveland Cavaliers","Final","Cleveland Cavaliers","Cleveland Cavaliers",0.2273,0.7727,"401810923","128","149","39-35","46-28",0.524,0.634,120.9,119.5,118.5,115.4,2.3,4.1,100,100,0,"11:30 PM ET"
"2026-03-27","Houston Rockets","Memphis Grizzlies","Final","Houston Rockets","Houston Rockets",0.8594,0.1406,"401810924","119","109","44-29","24-49",0.634,0.305,115.2,114.7,110,120.7,5.2,-6,100,100,0,"12:00 AM ET"
"2026-03-27","Chicago Bulls","Oklahoma City Thunder","Final","Oklahoma City Thunder","Oklahoma City Thunder",0.0301,0.9699,"401810925","113","131","29-44","58-16",0.378,0.78,116.3,119,121.5,107.9,-5.2,11.1,100,100,0,"12:00 AM ET"
"2026-03-27","New Orleans Pelicans","Toronto Raptors","Final","Toronto Raptors","Toronto Raptors",0.0671,0.9329,"401810926","106","119","25-50","41-32",0.317,0.561,115.5,114.6,120,111.8,-4.5,2.8,100,100,1,"12:30 AM ET"
"2026-03-27","Utah Jazz","Denver Nuggets","Final","Denver Nuggets","Denver Nuggets",0.0317,0.9683,"401810927","129","135","21-53","47-28",0.268,0.659,117.6,122.1,126,116.9,-8.4,5.2,100,100,0,"01:00 AM ET"
"2026-03-27","Washington Wizards","Golden State Warriors","Final","Golden State Warriors","Golden State Warriors",0.0881,0.9119,"401810928","126","131","17-56","36-38",0.207,0.451,112.9,114.6,124.9,115.2,-12,-0.6,100,100,0,"02:00 AM ET"
"2026-03-27","Dallas Mavericks","Portland Trail Blazers","Final","Dallas Mavericks","Portland Trail Blazers",0.1281,0.8719,"401810929","100","93","24-50","37-38",0.317,0.512,114.1,115.5,119.6,115.8,-5.5,-0.3,100,100,0,"02:00 AM ET"
"2026-03-27","Brooklyn Nets","Los Angeles Lakers","Final","Los Angeles Lakers","Los Angeles Lakers",0.0252,0.9748,"401810930","99","116","17-57","48-26",0.244,0.646,105.9,116.3,115.9,114.6,-10,1.8,100,100,0,"02:30 AM ET"
"2026-03-28","San Antonio Spurs","Milwaukee Bucks","Final","San Antonio Spurs","San Antonio Spurs",0.915,0.085,"401810931","127","95","56-18","29-44",0.756,0.39,119.8,110.6,111.5,116.8,8.3,-6.2,100,100,0,"07:00 PM ET"
"2026-03-28","Detroit Pistons","Minnesota Timberwolves","Final","Detroit Pistons","Minnesota Timberwolves",0.4955,0.5045,"401810935","109","87","54-20","45-29",0.732,0.598,117.8,118,109.6,114.6,8.2,3.4,100,100,1,"09:30 PM ET"
"2026-03-28","Philadelphia 76ers","Charlotte Hornets","Final","Philadelphia 76ers","Charlotte Hornets",0.4798,0.5202,"401810932","118","114","41-33","39-35",0.549,0.537,115.9,116,116.1,111.2,-0.2,4.8,100,100,-1,"10:00 PM ET"
"2026-03-28","Sacramento Kings","Atlanta Hawks","Final","Atlanta Hawks","Atlanta Hawks",0.0817,0.9183,"401810933","113","123","19-56","42-33",0.268,0.561,111,118.5,121,116,-10,2.4,100,100,-1,"11:30 PM ET"
"2026-03-28","Chicago Bulls","Memphis Grizzlies","Final","Memphis Grizzlies","Chicago Bulls",0.5048,0.4952,"401810934","124","125","29-45","25-49",0.378,0.305,116.3,114.7,121.5,120.7,-5.2,-6,100,100,0,"12:00 AM ET"
"2026-03-28","Utah Jazz","Phoenix Suns","Final","Phoenix Suns","Phoenix Suns",0.0252,0.9748,"401810936","109","134","21-54","41-33",0.268,0.549,117.6,112.6,126,111.1,-8.4,1.5,100,100,3,"02:00 AM ET"
"2026-03-29","LA Clippers","Milwaukee Bucks","Final","LA Clippers","LA Clippers",0.7151,0.2849,"401810937","127","113","39-36","29-45",0.512,0.39,113.8,110.6,112.6,116.8,1.1,-6.2,100,100,-1,"07:30 PM ET"
"2026-03-29","Miami Heat","Indiana Pacers","Final","Indiana Pacers","Miami Heat",0.8592,0.1408,"401810938","118","135","39-36","17-58",0.524,0.232,120.9,112.4,118.5,120.4,2.3,-8,100,100,0,"09:00 PM ET"
"2026-03-29","Sacramento Kings","Brooklyn Nets","Final","Brooklyn Nets","Brooklyn Nets",0.3454,0.6546,"401810939","99","116","19-57","18-57",0.268,0.244,111,105.9,121,115.9,-10,-10,100,100,1,"10:00 PM ET"
"2026-03-29","Boston Celtics","Charlotte Hornets","Final","Boston Celtics","Boston Celtics",0.7065,0.2935,"401810940","114","99","50-24","39-36",0.683,0.537,114.9,116,107.2,111.2,7.7,4.8,100,100,-1,"10:00 PM ET"
"2026-03-29","Orlando Magic","Toronto Raptors","Final","Toronto Raptors","Toronto Raptors",0.4601,0.5399,"401810941","87","139","39-35","42-32",0.549,0.561,115.7,114.6,115.1,111.8,0.6,2.8,100,100,-1,"10:00 PM ET"
"2026-03-29","Washington Wizards","Portland Trail Blazers","Final","Portland Trail Blazers","Portland Trail Blazers",0.059,0.941,"401810942","88","123","17-57","38-38",0.207,0.512,112.9,115.5,124.9,115.8,-12,-0.3,100,100,0,"10:00 PM ET"
"2026-03-29","Houston Rockets","New Orleans Pelicans","Final","Houston Rockets","Houston Rockets",0.8435,0.1565,"401810943","134","102","45-29","25-51",0.634,0.317,115.2,115.5,110,120,5.2,-4.5,100,100,0,"11:00 PM ET"
"2026-03-29","New York Knicks","Oklahoma City Thunder","Final","Oklahoma City Thunder","Oklahoma City Thunder",0.2477,0.7523,"401810944","100","111","48-27","59-16",0.646,0.78,116.5,119,110.1,107.9,6.3,11.1,100,100,-1,"11:30 PM ET"
"2026-03-29","Golden State Warriors","Denver Nuggets","Final","Denver Nuggets","Denver Nuggets",0.0993,0.9007,"401810945","93","116","36-39","48-28",0.451,0.659,114.6,122.1,115.2,116.9,-0.6,5.2,100,100,0,"02:00 AM ET"
"2026-03-30","Philadelphia 76ers","Miami Heat","Final","Miami Heat","Miami Heat",0.4712,0.5288,"401810946","109","119","41-34","40-36",0.549,0.524,115.9,120.9,116.1,118.5,-0.2,2.3,100,100,-1,"11:00 PM ET"
"2026-03-30","Boston Celtics","Atlanta Hawks","Final","Atlanta Hawks","Atlanta Hawks",0.4508,0.5492,"401810947","102","112","50-25","43-33",0.683,0.561,114.9,118.5,107.2,116,7.7,2.4,100,100,1,"11:30 PM ET"
"2026-03-30","Phoenix Suns","Memphis Grizzlies","Final","Phoenix Suns","Phoenix Suns",0.7536,0.2464,"401810948","131","105","42-33","25-50",0.549,0.305,112.6,114.7,111.1,120.7,1.5,-6,100,100,0,"12:00 AM ET"
"2026-03-30","Chicago Bulls","San Antonio Spurs","Final","San Antonio Spurs","San Antonio Spurs",0.0355,0.9645,"401810949","114","129","29-46","57-18",0.378,0.756,116.3,119.8,121.5,111.5,-5.2,8.3,100,100,0,"12:00 AM ET"
"2026-03-30","Minnesota Timberwolves","Dallas Mavericks","Final","Minnesota Timberwolves","Minnesota Timberwolves",0.7565,0.2435,"401810950","124","94","46-29","24-51",0.598,0.317,118,114.1,114.6,119.6,3.4,-5.5,100,100,1,"12:30 AM ET"
"2026-03-30","Cleveland Cavaliers","Utah Jazz","Final","Cleveland Cavaliers","Cleveland Cavaliers",0.9277,0.0723,"401810951","122","113","47-28","21-55",0.634,0.268,119.5,117.6,115.4,126,4.1,-8.4,100,100,-1,"01:00 AM ET"
"2026-03-30","Detroit Pistons","Oklahoma City Thunder","Final","Oklahoma City Thunder","Oklahoma City Thunder",0.3825,0.6175,"401810952","110","114","54-21","60-16",0.732,0.78,117.8,119,109.6,107.9,8.2,11.1,100,100,-1,"01:30 AM ET"
"2026-03-30","Washington Wizards","Los Angeles Lakers","Final","Los Angeles Lakers","Los Angeles Lakers",0.0102,0.9898,"401810953","101","120","17-58","49-26",0.207,0.646,112.9,116.3,124.9,114.6,-12,1.8,100,100,2,"02:00 AM ET"
"2026-03-31","Phoenix Suns","Orlando Magic","Final","Orlando Magic","Orlando Magic",0.2604,0.7396,"401810954","111","115","42-34","40-35",0.549,0.549,112.6,115.7,111.1,115.1,1.5,0.6,100,100,1,"11:00 PM ET"
"2026-03-31","Charlotte Hornets","Brooklyn Nets","Final","Charlotte Hornets","Charlotte Hornets",0.8733,0.1267,"401810955","117","86","40-36","18-58",0.537,0.244,116,105.9,111.2,115.9,4.8,-10,100,100,0,"11:30 PM ET"
"2026-03-31","Toronto Raptors","Detroit Pistons","Final","Detroit Pistons","Detroit Pistons",0.2004,0.7996,"401810956","116","127","42-33","55-21",0.561,0.732,114.6,117.8,111.8,109.6,2.8,8.2,100,100,-1,"12:00 AM ET"
"2026-03-31","New York Knicks","Houston Rockets","Final","Houston Rockets","Houston Rockets",0.4047,0.5953,"401810957","94","111","48-28","46-29",0.646,0.634,116.5,115.2,110.1,110,6.3,5.2,100,100,0,"12:00 AM ET"
"2026-03-31","Dallas Mavericks","Milwaukee Bucks","Final","Milwaukee Bucks","Milwaukee Bucks",0.2116,0.7884,"401858694","99","123","24-52","30-45",0.317,0.39,114.1,110.6,119.6,116.8,-5.5,-6.2,100,100,1,"12:00 AM ET"
"2026-03-31","Cleveland Cavaliers","Los Angeles Lakers","Final","Los Angeles Lakers","Los Angeles Lakers",0.3856,0.6144,"401810958","113","127","47-29","50-26",0.634,0.646,119.5,116.3,115.4,114.6,4.1,1.8,100,100,0,"02:30 AM ET"
"2026-03-31","Portland Trail Blazers","LA Clippers","Final","Portland Trail Blazers","LA Clippers",0.3805,0.6195,"401810959","114","104","39-38","39-37",0.512,0.512,115.5,113.8,115.8,112.6,-0.3,1.1,100,100,0,"03:00 AM ET"
"2026-04-01","Philadelphia 76ers","Washington Wizards","Final","Philadelphia 76ers","Philadelphia 76ers",0.879,0.121,"401810960","153","131","42-34","17-59",0.549,0.207,115.9,112.9,116.1,124.9,-0.2,-12,100,100,0,"11:00 PM ET"
"2026-04-01","Atlanta Hawks","Orlando Magic","Final","Atlanta Hawks","Atlanta Hawks",0.5271,0.4729,"401810962","130","101","44-33","40-36",0.561,0.549,118.5,115.7,116,115.1,2.4,0.6,100,100,-1,"11:00 PM ET"
"2026-04-01","Boston Celtics","Miami Heat","Final","Boston Celtics","Boston Celtics",0.6004,0.3996,"401810961","147","129","51-25","40-37",0.683,0.524,114.9,120.9,107.2,118.5,7.7,2.3,100,100,0,"11:30 PM ET"
"2026-04-01","New York Knicks","Memphis Grizzlies","Final","New York Knicks","New York Knicks",0.8189,0.1811,"401810858","130","119","49-28","25-51",0.646,0.305,116.5,114.7,110.1,120.7,6.3,-6,100,100,1,"12:00 AM ET"
"2026-04-01","Sacramento Kings","Toronto Raptors","Final","Sacramento Kings","Toronto Raptors",0.1341,0.8659,"401810963","123","115","20-57","42-34",0.268,0.561,111,114.6,121,111.8,-10,2.8,100,100,-2,"12:00 AM ET"
"2026-04-01","Indiana Pacers","Chicago Bulls","Final","Indiana Pacers","Chicago Bulls",0.2306,0.7694,"401810964","145","126","18-58","29-47",0.232,0.378,112.4,116.3,120.4,121.5,-8,-5.2,100,100,-1,"12:00 AM ET"
"2026-04-01","Milwaukee Bucks","Houston Rockets","Final","Houston Rockets","Houston Rockets",0.081,0.919,"401810965","113","119","30-46","47-29",0.39,0.634,110.6,115.2,116.8,110,-6.2,5.2,100,100,0,"12:00 AM ET"
"2026-04-01","Denver Nuggets","Utah Jazz","Final","Denver Nuggets","Denver Nuggets",0.9434,0.0566,"401810967","130","117","49-28","21-56",0.659,0.268,122.1,117.6,116.9,126,5.2,-8.4,100,100,-1,"01:00 AM ET"
"2026-04-01","San Antonio Spurs","Golden State Warriors","Final","San Antonio Spurs","San Antonio Spurs",0.7912,0.2088,"401810968","127","113","58-18","36-40",0.756,0.451,119.8,114.6,111.5,115.2,8.3,-0.6,100,100,1,"02:00 AM ET"
"2026-04-02","Phoenix Suns","Charlotte Hornets","Final","Charlotte Hornets","Charlotte Hornets",0.3548,0.6452,"401810969","107","127","42-35","41-36",0.549,0.537,112.6,116,111.1,111.2,1.5,4.8,100,100,0,"11:00 PM ET"
"2026-04-02","Minnesota Timberwolves","Detroit Pistons","Final","Detroit Pistons","Detroit Pistons",0.2641,0.7359,"401810970","108","113","46-30","56-21",0.598,0.732,118,117.8,114.6,109.6,3.4,8.2,100,100,-1,"11:00 PM ET"
"2026-04-02","Los Angeles Lakers","Oklahoma City Thunder","Final","Oklahoma City Thunder","Oklahoma City Thunder",0.1136,0.8864,"401810971","96","139","50-27","61-16",0.646,0.78,116.3,119,114.6,107.9,1.8,11.1,100,100,1,"01:30 AM ET"
"2026-04-02","Cleveland Cavaliers","Golden State Warriors","Final","Cleveland Cavaliers","Cleveland Cavaliers",0.792,0.208,"401810972","118","111","48-29","36-41",0.634,0.451,119.5,114.6,115.4,115.2,4.1,-0.6,100,100,-1,"02:00 AM ET"
"2026-04-02","New Orleans Pelicans","Portland Trail Blazers","Final","Portland Trail Blazers","Portland Trail Blazers",0.2718,0.7282,"401810973","106","118","25-52","40-38",0.317,0.512,115.5,115.5,120,115.8,-4.5,-0.3,100,100,-2,"02:00 AM ET"
"2026-04-02","San Antonio Spurs","LA Clippers","Final","San Antonio Spurs","San Antonio Spurs",0.7178,0.2822,"401810974","118","99","59-18","39-38",0.756,0.512,119.8,113.8,111.5,112.6,8.3,1.1,100,100,1,"02:30 AM ET"
"2026-04-03","Indiana Pacers","Charlotte Hornets","Final","Charlotte Hornets","Charlotte Hornets",0.0847,0.9153,"401810975","108","129","18-59","42-36",0.232,0.537,112.4,116,120.4,111.2,-8,4.8,100,100,-1,"11:00 PM ET"
"2026-04-03","Minnesota Timberwolves","Philadelphia 76ers","Final","Philadelphia 76ers","Philadelphia 76ers",0.3731,0.6269,"401810976","103","115","46-31","43-34",0.598,0.549,118,115.9,114.6,116.1,3.4,-0.2,100,100,1,"11:00 PM ET"
"2026-04-03","Atlanta Hawks","Brooklyn Nets","Final","Atlanta Hawks","Atlanta Hawks",0.845,0.155,"401810977","141","107","45-33","18-59",0.561,0.244,118.5,105.9,116,115.9,2.4,-10,100,100,1,"11:30 PM ET"
"2026-04-03","Chicago Bulls","New York Knicks","Final","New York Knicks","New York Knicks",0.0796,0.9204,"401810978","96","136","29-48","50-28",0.378,0.646,116.3,116.5,121.5,110.1,-5.2,6.3,100,100,0,"11:30 PM ET"
"2026-04-03","Utah Jazz","Houston Rockets","Final","Houston Rockets","Houston Rockets",0.0457,0.9543,"401810979","106","140","21-57","48-29",0.268,0.634,117.6,115.2,126,110,-8.4,5.2,100,100,0,"12:00 AM ET"
"2026-04-03","Toronto Raptors","Memphis Grizzlies","Final","Toronto Raptors","Toronto Raptors",0.7822,0.2178,"401810980","128","96","43-34","25-52",0.561,0.305,114.6,114.7,111.8,120.7,2.8,-6,100,100,0,"12:00 AM ET"
"2026-04-03","Boston Celtics","Milwaukee Bucks","Final","Boston Celtics","Boston Celtics",0.8498,0.1502,"401810981","133","101","52-25","30-47",0.683,0.39,114.9,110.6,107.2,116.8,7.7,-6.2,100,100,0,"12:00 AM ET"
"2026-04-03","Orlando Magic","Dallas Mavericks","Final","Orlando Magic","Orlando Magic",0.6681,0.3319,"401810982","138","127","41-36","24-53",0.549,0.317,115.7,114.1,115.1,119.6,0.6,-5.5,100,100,1,"12:30 AM ET"
"2026-04-03","New Orleans Pelicans","Sacramento Kings","Final","Sacramento Kings","Sacramento Kings",0.3975,0.6025,"401810983","113","117","25-53","21-57",0.317,0.268,115.5,111,120,121,-4.5,-10,100,100,1,"02:00 AM ET"
"2026-04-04","Washington Wizards","Miami Heat","Final","Miami Heat","Miami Heat",0.0449,0.9551,"401810984","136","152","17-60","41-37",0.207,0.524,112.9,120.9,124.9,118.5,-12,2.3,100,100,0,"07:00 PM ET"
"2026-04-04","San Antonio Spurs","Denver Nuggets","Final","Denver Nuggets","Denver Nuggets",0.413,0.587,"401810985","134","136","59-19","50-28",0.756,0.659,119.8,122.1,111.5,116.9,8.3,5.2,100,100,1,"07:00 PM ET"
"2026-04-04","Detroit Pistons","Philadelphia 76ers","Final","Detroit Pistons","Detroit Pistons",0.7849,0.2151,"401810986","116","93","57-21","43-35",0.732,0.549,117.8,115.9,109.6,116.1,8.2,-0.2,100,100,-1,"11:00 PM ET"
"2026-04-05","Toronto Raptors","Boston Celtics","Final","Boston Celtics","Boston Celtics",0.1977,0.8023,"401810987","101","115","43-35","53-25",0.561,0.683,114.6,114.9,111.8,107.2,2.8,7.7,100,100,0,"07:30 PM ET"
"2026-04-05","Washington Wizards","Brooklyn Nets","Final","Brooklyn Nets","Brooklyn Nets",0.2675,0.7325,"401810988","115","121","17-61","19-59",0.207,0.244,112.9,105.9,124.9,115.9,-12,-10,100,100,1,"07:30 PM ET"
"2026-04-05","Phoenix Suns","Chicago Bulls","Final","Phoenix Suns","Phoenix Suns",0.7338,0.2662,"401810989","120","110","43-35","29-49",0.549,0.378,112.6,116.3,111.1,121.5,1.5,-5.2,100,100,-1,"07:30 PM ET"
"2026-04-05","Memphis Grizzlies","Milwaukee Bucks","Final","Milwaukee Bucks","Milwaukee Bucks",0.2798,0.7202,"401810990","115","131","25-53","31-47",0.305,0.39,114.7,110.6,120.7,116.8,-6,-6.2,100,100,0,"07:30 PM ET"
"2026-04-05","Indiana Pacers","Cleveland Cavaliers","Final","Cleveland Cavaliers","Cleveland Cavaliers",0.0182,0.9818,"401810991","108","117","18-60","49-29",0.232,0.634,112.4,119.5,120.4,115.4,-8,4.1,100,100,1,"10:00 PM ET"
"2026-04-05","Charlotte Hornets","Minnesota Timberwolves","Final","Charlotte Hornets","Minnesota Timberwolves",0.2759,0.7241,"401810992","122","108","43-36","46-32",0.537,0.598,116,118,111.2,114.6,4.8,3.4,100,100,0,"11:00 PM ET"
"2026-04-05","Orlando Magic","New Orleans Pelicans","Final","Orlando Magic","Orlando Magic",0.7461,0.2539,"401810993","112","108","42-36","25-54",0.549,0.317,115.7,115.5,115.1,120,0.6,-4.5,100,100,0,"11:00 PM ET"
"2026-04-05","Utah Jazz","Oklahoma City Thunder","Final","Oklahoma City Thunder","Oklahoma City Thunder",0.0096,0.9904,"401810994","111","146","21-58","62-16",0.268,0.78,117.6,119,126,107.9,-8.4,11.1,100,100,1,"11:00 PM ET"
"2026-04-05","Los Angeles Lakers","Dallas Mavericks","Final","Dallas Mavericks","Los Angeles Lakers",0.9042,0.0958,"401810995","128","134","50-28","25-53",0.646,0.317,116.3,114.1,114.6,119.6,1.8,-5.5,100,100,-1,"11:30 PM ET"
"2026-04-05","LA Clippers","Sacramento Kings","Final","LA Clippers","LA Clippers",0.8534,0.1466,"401810996","138","109","40-38","21-58",0.512,0.268,113.8,111,112.6,121,1.1,-10,100,100,-1,"01:00 AM ET"
"2026-04-05","Houston Rockets","Golden State Warriors","Final","Houston Rockets","Houston Rockets",0.5848,0.4152,"401810997","117","116","49-29","36-42",0.634,0.451,115.2,114.6,110,115.2,5.2,-0.6,100,100,1,"02:00 AM ET"
"2026-04-06","New York Knicks","Atlanta Hawks","Final","New York Knicks","New York Knicks",0.5069,0.4931,"401810998","108","105","51-28","45-34",0.646,0.561,116.5,118.5,110.1,116,6.3,2.4,100,100,0,"11:00 PM ET"
"2026-04-06","Detroit Pistons","Orlando Magic","Final","Orlando Magic","Detroit Pistons",0.7841,0.2159,"401810999","107","123","57-22","43-36",0.732,0.549,117.8,115.7,109.6,115.1,8.2,0.6,100,100,-1,"11:00 PM ET"
"2026-04-06","Cleveland Cavaliers","Memphis Grizzlies","Final","Cleveland Cavaliers","Cleveland Cavaliers",0.8733,0.1267,"401811000","142","126","50-29","25-54",0.634,0.305,119.5,114.7,115.4,120.7,4.1,-6,100,100,0,"12:00 AM ET"
"2026-04-06","Philadelphia 76ers","San Antonio Spurs","Final","San Antonio Spurs","San Antonio Spurs",0.1069,0.8931,"401811001","102","115","43-36","60-19",0.549,0.756,115.9,119.8,116.1,111.5,-0.2,8.3,100,100,0,"12:00 AM ET"
"2026-04-06","Portland Trail Blazers","Denver Nuggets","Final","Denver Nuggets","Denver Nuggets",0.2892,0.7108,"401811002","132","137","40-39","51-28",0.512,0.659,115.5,122.1,115.8,116.9,-0.3,5.2,100,100,-2,"01:00 AM ET"
"2026-04-07","Chicago Bulls","Washington Wizards","Final","Chicago Bulls","Chicago Bulls",0.6908,0.3092,"401811003","129","98","30-49","17-62",0.378,0.207,116.3,112.9,121.5,124.9,-5.2,-12,100,100,0,"11:00 PM ET"
"2026-04-07","Minnesota Timberwolves","Indiana Pacers","Final","Minnesota Timberwolves","Minnesota Timberwolves",0.9018,0.0982,"401811007","124","104","47-32","18-61",0.598,0.232,118,112.4,114.6,120.4,3.4,-8,100,100,0,"11:00 PM ET"
"2026-04-07","Milwaukee Bucks","Brooklyn Nets","Final","Brooklyn Nets","Milwaukee Bucks",0.6544,0.3456,"401811005","90","96","31-48","20-59",0.39,0.244,110.6,105.9,116.8,115.9,-6.2,-10,100,100,0,"11:30 PM ET"
"2026-04-07","Miami Heat","Toronto Raptors","Final","Toronto Raptors","Toronto Raptors",0.4665,0.5335,"401811006","95","121","41-38","44-35",0.524,0.561,120.9,114.6,118.5,111.8,2.3,2.8,100,100,-1,"11:30 PM ET"
"2026-04-07","Charlotte Hornets","Boston Celtics","Final","Boston Celtics","Boston Celtics",0.1847,0.8153,"401811004","102","113","43-37","54-25",0.537,0.683,116,114.9,111.2,107.2,4.8,7.7,100,100,0,"12:00 AM ET"
"2026-04-07","Utah Jazz","New Orleans Pelicans","Final","New Orleans Pelicans","New Orleans Pelicans",0.3033,0.6967,"401811008","137","156","21-59","26-54",0.268,0.317,117.6,115.5,126,120,-8.4,-4.5,100,100,0,"12:00 AM ET"
"2026-04-07","Sacramento Kings","Golden State Warriors","Final","Golden State Warriors","Golden State Warriors",0.1225,0.8775,"401811009","105","110","21-59","37-42",0.268,0.451,111,114.6,121,115.2,-10,-0.6,100,100,0,"02:00 AM ET"
"2026-04-07","Oklahoma City Thunder","Los Angeles Lakers","Final","Oklahoma City Thunder","Oklahoma City Thunder",0.6399,0.3601,"401811010","123","87","63-16","50-29",0.78,0.646,119,116.3,107.9,114.6,11.1,1.8,100,100,0,"02:30 AM ET"
"2026-04-07","Dallas Mavericks","LA Clippers","Final","LA Clippers","LA Clippers",0.1319,0.8681,"401811011","103","116","25-54","41-38",0.317,0.512,114.1,113.8,119.6,112.6,-5.5,1.1,100,100,0,"02:30 AM ET"
"2026-04-07","Houston Rockets","Phoenix Suns","Final","Houston Rockets","Houston Rockets",0.5426,0.4574,"401811012","119","105","50-29","43-36",0.634,0.549,115.2,112.6,110,111.1,5.2,1.5,100,100,0,"03:00 AM ET"
"2026-04-08","Atlanta Hawks","Cleveland Cavaliers","Final","Cleveland Cavaliers","Cleveland Cavaliers",0.2581,0.7419,"401811013","116","122","45-35","51-29",0.561,0.634,118.5,119.5,116,115.4,2.4,4.1,100,100,0,"11:00 PM ET"
"2026-04-08","Minnesota Timberwolves","Orlando Magic","Final","Orlando Magic","Orlando Magic",0.3719,0.6281,"401811014","120","132","47-33","44-36",0.598,0.549,118,115.7,114.6,115.1,3.4,0.6,100,100,1,"11:00 PM ET"
"2026-04-08","Milwaukee Bucks","Detroit Pistons","Final","Detroit Pistons","Detroit Pistons",0.0257,0.9743,"401811015","111","137","31-49","58-22",0.39,0.732,110.6,117.8,116.8,109.6,-6.2,8.2,100,100,1,"11:00 PM ET"
"2026-04-08","Memphis Grizzlies","Denver Nuggets","Final","Denver Nuggets","Denver Nuggets",0.0378,0.9622,"401811017","119","136","25-55","52-28",0.305,0.659,114.7,122.1,120.7,116.9,-6,5.2,100,100,0,"01:00 AM ET"
"2026-04-08","Portland Trail Blazers","San Antonio Spurs","Final","San Antonio Spurs","San Antonio Spurs",0.0847,0.9153,"401811016","101","112","40-40","61-19",0.512,0.756,115.5,119.8,115.8,111.5,-0.3,8.3,100,100,0,"01:30 AM ET"
"2026-04-08","Oklahoma City Thunder","LA Clippers","Final","Oklahoma City Thunder","Oklahoma City Thunder",0.8238,0.1762,"401811018","128","110","64-16","41-39",0.78,0.512,119,113.8,107.9,112.6,11.1,1.1,100,100,0,"02:00 AM ET"
"2026-04-08","Dallas Mavericks","Phoenix Suns","Final","Phoenix Suns","Phoenix Suns",0.1097,0.8903,"401811019","107","112","25-55","44-36",0.317,0.549,114.1,112.6,119.6,111.1,-5.5,1.5,100,100,0,"02:00 AM ET"
"2026-04-09","Miami Heat","Toronto Raptors","Final","Toronto Raptors","Toronto Raptors",0.361,0.639,"401811020","114","128","41-39","45-35",0.524,0.561,120.9,114.6,118.5,111.8,2.3,2.8,100,100,0,"11:00 PM ET"
"2026-04-09","Chicago Bulls","Washington Wizards","Final","Chicago Bulls","Chicago Bulls",0.6908,0.3092,"401811021","119","108","31-49","17-63",0.378,0.207,116.3,112.9,121.5,124.9,-5.2,-12,100,100,0,"11:00 PM ET"
"2026-04-09","Indiana Pacers","Brooklyn Nets","Final","Indiana Pacers","Brooklyn Nets",0.4097,0.5903,"401811022","123","94","19-61","20-60",0.232,0.244,112.4,105.9,120.4,115.9,-8,-10,100,100,0,"11:30 PM ET"
"2026-04-09","Boston Celtics","New York Knicks","Final","New York Knicks","New York Knicks",0.3216,0.6784,"401811023","106","112","54-26","52-28",0.683,0.646,114.9,116.5,107.2,110.1,7.7,6.3,100,100,1,"11:30 PM ET"
"2026-04-09","Philadelphia 76ers","Houston Rockets","Final","Houston Rockets","Houston Rockets",0.3326,0.6674,"401811024","102","113","43-37","51-29",0.549,0.634,115.9,115.2,116.1,110,-0.2,5.2,100,100,-1,"12:00 AM ET"
"2026-04-09","Los Angeles Lakers","Golden State Warriors","Final","Los Angeles Lakers","Los Angeles Lakers",0.6994,0.3006,"401811025","119","103","51-29","37-43",0.646,0.451,116.3,114.6,114.6,115.2,1.8,-0.6,100,100,0,"02:00 AM ET"
"2026-04-10","Detroit Pistons","Charlotte Hornets","Final","Detroit Pistons","Detroit Pistons",0.6047,0.3953,"401811026","118","100","59-22","43-38",0.732,0.537,117.8,116,109.6,111.2,8.2,4.8,100,100,1,"11:00 PM ET"
"2026-04-10","Miami Heat","Washington Wizards","Final","Miami Heat","Miami Heat",0.8822,0.1178,"401811027","140","117","42-39","17-64",0.524,0.207,120.9,112.9,118.5,124.9,2.3,-12,100,100,0,"11:00 PM ET"
"2026-04-10","Cleveland Cavaliers","Atlanta Hawks","Final","Atlanta Hawks","Cleveland Cavaliers",0.5032,0.4968,"401811028","102","124","51-30","46-35",0.634,0.561,119.5,118.5,115.4,116,4.1,2.4,100,100,0,"11:00 PM ET"
"2026-04-10","New Orleans Pelicans","Boston Celtics","Final","Boston Celtics","Boston Celtics",0.0996,0.9004,"401811029","118","144","26-55","55-26",0.317,0.683,115.5,114.9,120,107.2,-4.5,7.7,100,100,-2,"11:30 PM ET"
"2026-04-10","Philadelphia 76ers","Indiana Pacers","Final","Philadelphia 76ers","Philadelphia 76ers",0.8555,0.1445,"401811030","105","94","44-37","19-62",0.549,0.232,115.9,112.4,116.1,120.4,-0.2,-8,100,100,0,"11:30 PM ET"
"2026-04-10","Toronto Raptors","New York Knicks","Final","New York Knicks","New York Knicks",0.2335,0.7665,"401811031","95","112","45-36","53-28",0.561,0.646,114.6,116.5,111.8,110.1,2.8,6.3,100,100,0,"11:30 PM ET"
"2026-04-10","Orlando Magic","Chicago Bulls","Final","Orlando Magic","Orlando Magic",0.7502,0.2498,"401811032","127","103","45-36","31-50",0.549,0.378,115.7,116.3,115.1,121.5,0.6,-5.2,100,100,-1,"12:00 AM ET"
"2026-04-10","Brooklyn Nets","Milwaukee Bucks","Final","Milwaukee Bucks","Milwaukee Bucks",0.1073,0.8927,"401811034","108","125","20-61","32-49",0.244,0.39,105.9,110.6,115.9,116.8,-10,-6.2,100,100,1,"12:00 AM ET"
"2026-04-10","Dallas Mavericks","San Antonio Spurs","Final","San Antonio Spurs","San Antonio Spurs",0.0224,0.9776,"401811035","120","139","25-56","62-19",0.317,0.756,114.1,119.8,119.6,111.5,-5.5,8.3,100,100,0,"12:00 AM ET"
"2026-04-10","Oklahoma City Thunder","Denver Nuggets","Final","Denver Nuggets","Oklahoma City Thunder",0.5639,0.4361,"401811037","107","127","64-17","53-28",0.78,0.659,119,122.1,107.9,116.9,11.1,5.2,100,100,0,"01:00 AM ET"
"2026-04-10","Minnesota Timberwolves","Houston Rockets","Final","Minnesota Timberwolves","Houston Rockets",0.436,0.564,"401811033","136","132","48-33","51-30",0.598,0.634,118,115.2,114.6,110,3.4,5.2,100,100,-1,"01:30 AM ET"
"2026-04-10","Memphis Grizzlies","Utah Jazz","Final","Utah Jazz","Utah Jazz",0.3157,0.6843,"401811036","101","147","25-56","22-59",0.305,0.268,114.7,117.6,120.7,126,-6,-8.4,100,100,1,"01:30 AM ET"
"2026-04-10","LA Clippers","Portland Trail Blazers","Final","Portland Trail Blazers","Portland Trail Blazers",0.3646,0.6354,"401811038","97","116","41-40","41-40",0.512,0.512,113.8,115.5,112.6,115.8,1.1,-0.3,100,100,0,"02:00 AM ET"
"2026-04-10","Golden State Warriors","Sacramento Kings","Final","Sacramento Kings","Golden State Warriors",0.5131,0.4869,"401811039","118","124","37-44","22-59",0.451,0.268,114.6,111,115.2,121,-0.6,-10,100,100,2,"02:00 AM ET"
"2026-04-10","Phoenix Suns","Los Angeles Lakers","Final","Los Angeles Lakers","Los Angeles Lakers",0.3011,0.6989,"401811040","73","101","44-37","52-29",0.549,0.646,112.6,116.3,111.1,114.6,1.5,1.8,100,100,-1,"02:30 AM ET"
"2026-04-12","Orlando Magic","Boston Celtics","Final","Boston Celtics","Boston Celtics",0.1861,0.8139,"401811041","108","113","45-37","56-26",0.549,0.683,115.7,114.9,115.1,107.2,0.6,7.7,100,100,0,"10:00 PM ET"
"2026-04-12","Washington Wizards","Cleveland Cavaliers","Final","Cleveland Cavaliers","Cleveland Cavaliers",0.0228,0.9772,"401811042","117","130","17-65","52-30",0.207,0.634,112.9,119.5,124.9,115.4,-12,4.1,100,100,0,"10:00 PM ET"
"2026-04-12","Detroit Pistons","Indiana Pacers","Final","Detroit Pistons","Detroit Pistons",0.9592,0.0408,"401811043","133","121","60-22","19-63",0.732,0.232,117.8,112.4,109.6,120.4,8.2,-8,100,100,0,"10:00 PM ET"
"2026-04-12","Atlanta Hawks","Miami Heat","Final","Miami Heat","Miami Heat",0.4124,0.5876,"401811044","117","143","46-36","43-39",0.561,0.524,118.5,120.9,116,118.5,2.4,2.3,100,100,0,"10:00 PM ET"
"2026-04-12","Charlotte Hornets","New York Knicks","Final","Charlotte Hornets","New York Knicks",0.2187,0.7813,"401811045","110","96","44-38","53-29",0.537,0.646,116,116.5,111.2,110.1,4.8,6.3,100,100,0,"10:00 PM ET"
"2026-04-12","Milwaukee Bucks","Philadelphia 76ers","Final","Philadelphia 76ers","Philadelphia 76ers",0.1398,0.8602,"401811046","106","126","32-50","45-37",0.39,0.549,110.6,115.9,116.8,116.1,-6.2,-0.2,100,100,0,"10:00 PM ET"
"2026-04-12","Brooklyn Nets","Toronto Raptors","Final","Toronto Raptors","Toronto Raptors",0.0449,0.9551,"401811047","101","136","20-62","46-36",0.244,0.561,105.9,114.6,115.9,111.8,-10,2.8,100,100,0,"10:00 PM ET"
"2026-04-12","Chicago Bulls","Dallas Mavericks","Final","Dallas Mavericks","Dallas Mavericks",0.4881,0.5119,"401811048","128","149","31-51","26-56",0.378,0.317,116.3,114.1,121.5,119.6,-5.2,-5.5,100,100,0,"12:30 AM ET"
"2026-04-12","Memphis Grizzlies","Houston Rockets","Final","Houston Rockets","Houston Rockets",0.0545,0.9455,"401811049","101","132","25-57","52-30",0.305,0.634,114.7,115.2,120.7,110,-6,5.2,100,100,0,"12:30 AM ET"
"2026-04-12","New Orleans Pelicans","Minnesota Timberwolves","Final","Minnesota Timberwolves","Minnesota Timberwolves",0.0721,0.9279,"401811050","126","132","26-56","49-33",0.317,0.598,115.5,118,120,114.6,-4.5,3.4,100,100,0,"12:30 AM ET"
"2026-04-12","Phoenix Suns","Oklahoma City Thunder","Final","Phoenix Suns","Oklahoma City Thunder",0.0851,0.9149,"401811051","135","103","45-37","64-18",0.549,0.78,112.6,119,111.1,107.9,1.5,11.1,100,100,0,"12:30 AM ET"
"2026-04-12","Denver Nuggets","San Antonio Spurs","Final","Denver Nuggets","San Antonio Spurs",0.2445,0.7555,"401811052","128","118","54-28","62-20",0.659,0.756,122.1,119.8,116.9,111.5,5.2,8.3,100,100,0,"12:30 AM ET"
"2026-04-12","Utah Jazz","Los Angeles Lakers","Final","Los Angeles Lakers","Los Angeles Lakers",0.043,0.957,"401811053","107","131","22-60","53-29",0.268,0.646,117.6,116.3,126,114.6,-8.4,1.8,100,100,0,"12:30 AM ET"
"2026-04-12","Golden State Warriors","LA Clippers","Final","LA Clippers","LA Clippers",0.2849,0.7151,"401811054","110","115","37-45","42-40",0.451,0.512,114.6,113.8,115.2,112.6,-0.6,1.1,100,100,0,"12:30 AM ET"
"2026-04-12","Sacramento Kings","Portland Trail Blazers","Final","Portland Trail Blazers","Portland Trail Blazers",0.083,0.917,"401811055","110","122","22-60","42-40",0.268,0.512,111,115.5,121,115.8,-10,-0.3,100,100,0,"12:30 AM ET"
"2026-04-14","Miami Heat","Charlotte Hornets","Final","Charlotte Hornets","Charlotte Hornets",0.3806,0.6194,"401866755","126","127","43-39","44-38",0.524,0.537,120.9,116,118.5,111.2,2.3,4.8,100,100,0,"11:30 PM ET"
"2026-04-14","Portland Trail Blazers","Phoenix Suns","Final","Portland Trail Blazers","Phoenix Suns",0.3323,0.6677,"401866754","114","110","42-40","45-37",0.512,0.549,115.5,112.6,115.8,111.1,-0.3,1.5,100,100,0,"02:00 AM ET"
"2026-04-15","Orlando Magic","Philadelphia 76ers","Final","Philadelphia 76ers","Philadelphia 76ers",0.3737,0.6263,"401866757","97","109","45-37","45-37",0.549,0.549,115.7,115.9,115.1,116.1,0.6,-0.2,100,100,0,"11:30 PM ET"
"2026-04-15","Golden State Warriors","LA Clippers","Final","Golden State Warriors","LA Clippers",0.2849,0.7151,"401866756","126","121","37-45","42-40",0.451,0.512,114.6,113.8,115.2,112.6,-0.6,1.1,100,100,0,"02:00 AM ET"
"2026-04-17","Charlotte Hornets","Orlando Magic","Final","Orlando Magic","Orlando Magic",0.4766,0.5234,"401866758","90","121","44-38","45-37",0.537,0.549,116,115.7,111.2,115.1,4.8,0.6,100,100,-1,"11:30 PM ET"
"2026-04-17","Golden State Warriors","Phoenix Suns","Final","Phoenix Suns","Phoenix Suns",0.1727,0.8273,"401866759","96","111","37-45","45-37",0.451,0.549,114.6,112.6,115.2,111.1,-0.6,1.5,100,100,1,"02:00 AM ET"
"2026-04-18","Toronto Raptors","Cleveland Cavaliers","Final","Cleveland Cavaliers","Cleveland Cavaliers",0.2361,0.7639,"401869187","113","126","46-36","52-30",0.561,0.634,114.6,119.5,111.8,115.4,2.8,4.1,100,100,0,"05:00 PM ET"
"2026-04-18","Minnesota Timberwolves","Denver Nuggets","Final","Denver Nuggets","Denver Nuggets",0.2541,0.7459,"401869188","105","116","49-33","54-28",0.598,0.659,118,122.1,114.6,116.9,3.4,5.2,100,100,0,"07:30 PM ET"
"2026-04-18","Atlanta Hawks","New York Knicks","Final","New York Knicks","New York Knicks",0.2553,0.7447,"401869189","102","113","46-36","53-29",0.561,0.646,118.5,116.5,116,110.1,2.4,6.3,100,100,0,"10:00 PM ET"
"2026-04-18","Houston Rockets","Los Angeles Lakers","Final","Los Angeles Lakers","Los Angeles Lakers",0.3574,0.6426,"401869190","98","107","52-30","53-29",0.634,0.646,115.2,116.3,110,114.6,5.2,1.8,100,100,0,"12:30 AM ET"
"2026-04-19","Philadelphia 76ers","Boston Celtics","Final","Boston Celtics","Boston Celtics",0.1281,0.8719,"401869191","91","123","45-37","56-26",0.549,0.683,115.9,114.9,116.1,107.2,-0.2,7.7,100,100,1,"05:00 PM ET"
"2026-04-19","Phoenix Suns","Oklahoma City Thunder","Final","Oklahoma City Thunder","Oklahoma City Thunder",0.0245,0.9755,"401869192","84","119","45-37","64-18",0.549,0.78,112.6,119,111.1,107.9,1.5,11.1,100,100,3,"07:30 PM ET"
"2026-04-19","Orlando Magic","Detroit Pistons","Final","Orlando Magic","Detroit Pistons",0.0389,0.9611,"401869193","112","101","45-37","60-22",0.549,0.732,115.7,117.8,115.1,109.6,0.6,8.2,100,100,3,"10:30 PM ET"
"2026-04-19","Portland Trail Blazers","San Antonio Spurs","Final","San Antonio Spurs","San Antonio Spurs",0.0847,0.9153,"401869194","98","111","42-40","62-20",0.512,0.756,115.5,119.8,115.8,111.5,-0.3,8.3,100,100,0,"01:00 AM ET"
"2026-04-20","Toronto Raptors","Cleveland Cavaliers","Final","Cleveland Cavaliers","Cleveland Cavaliers",0.2361,0.7639,"401869369","105","115","46-36","52-30",0.561,0.634,114.6,119.5,111.8,115.4,2.8,4.1,100,100,0,"11:00 PM ET"
"2026-04-20","Atlanta Hawks","New York Knicks","Final","Atlanta Hawks","New York Knicks",0.2553,0.7447,"401869387","107","106","46-36","53-29",0.561,0.646,118.5,116.5,116,110.1,2.4,6.3,100,100,0,"12:00 AM ET"
"2026-04-20","Minnesota Timberwolves","Denver Nuggets","Final","Minnesota Timberwolves","Denver Nuggets",0.2541,0.7459,"401869395","119","114","49-33","54-28",0.598,0.659,118,122.1,114.6,116.9,3.4,5.2,100,100,0,"02:30 AM ET"
"2026-04-21","Philadelphia 76ers","Boston Celtics","Final","Philadelphia 76ers","Boston Celtics",0.1853,0.8147,"401869396","111","97","45-37","56-26",0.549,0.683,115.9,114.9,116.1,107.2,-0.2,7.7,100,100,0,"11:00 PM ET"
"2026-04-21","Portland Trail Blazers","San Antonio Spurs","Final","Portland Trail Blazers","San Antonio Spurs",0.0847,0.9153,"401869378","106","103","42-40","62-20",0.512,0.756,115.5,119.8,115.8,111.5,-0.3,8.3,100,100,0,"12:00 AM ET"
"2026-04-21","Houston Rockets","Los Angeles Lakers","Final","Los Angeles Lakers","Los Angeles Lakers",0.3574,0.6426,"401869397","94","101","52-30","53-29",0.634,0.646,115.2,116.3,110,114.6,5.2,1.8,100,100,0,"02:30 AM ET"
"2026-04-22","Orlando Magic","Detroit Pistons","Final","Detroit Pistons","Detroit Pistons",0.1306,0.8694,"401869411","83","98","45-37","60-22",0.549,0.732,115.7,117.8,115.1,109.6,0.6,8.2,100,100,0,"11:00 PM ET"
"2026-04-22","Phoenix Suns","Oklahoma City Thunder","Final","Oklahoma City Thunder","Oklahoma City Thunder",0.0851,0.9149,"401869368","107","120","45-37","64-18",0.549,0.78,112.6,119,111.1,107.9,1.5,11.1,100,100,0,"01:30 AM ET"
"2026-04-23","New York Knicks","Atlanta Hawks","Final","Atlanta Hawks","New York Knicks",0.5069,0.4931,"401869389","108","109","53-29","46-36",0.646,0.561,116.5,118.5,110.1,116,6.3,2.4,100,100,0,"11:00 PM ET"
"2026-04-23","Cleveland Cavaliers","Toronto Raptors","Final","Toronto Raptors","Cleveland Cavaliers",0.5327,0.4673,"401869375","104","126","52-30","46-36",0.634,0.561,119.5,114.6,115.4,111.8,4.1,2.8,100,100,0,"12:00 AM ET"
"2026-04-23","Denver Nuggets","Minnesota Timberwolves","Final","Minnesota Timberwolves","Denver Nuggets",0.5085,0.4915,"401869398","96","113","54-28","49-33",0.659,0.598,122.1,118,116.9,114.6,5.2,3.4,100,100,0,"01:30 AM ET"
"2026-04-24","Boston Celtics","Philadelphia 76ers","Final","Boston Celtics","Boston Celtics",0.6077,0.3923,"401869404","108","100","56-26","45-37",0.683,0.549,114.9,115.9,107.2,116.1,7.7,-0.2,100,100,0,"11:00 PM ET"
"2026-04-24","Los Angeles Lakers","Houston Rockets","Final","Los Angeles Lakers","Houston Rockets",0.3878,0.6122,"401869400","112","108","53-29","52-30",0.646,0.634,116.3,115.2,114.6,110,1.8,5.2,100,100,0,"12:00 AM ET"
"2026-04-24","San Antonio Spurs","Portland Trail Blazers","Final","San Antonio Spurs","San Antonio Spurs",0.7919,0.2081,"401869382","120","108","62-20","42-40",0.756,0.512,119.8,115.5,111.5,115.8,8.3,-0.3,100,100,0,"02:30 AM ET"
"2026-04-25","Detroit Pistons","Orlando Magic","Final","Orlando Magic","Detroit Pistons",0.7011,0.2989,"401869414","105","113","60-22","45-37",0.732,0.549,117.8,115.7,109.6,115.1,8.2,0.6,100,100,0,"05:00 PM ET"
"2026-04-25","Oklahoma City Thunder","Phoenix Suns","Final","Oklahoma City Thunder","Oklahoma City Thunder",0.7912,0.2088,"401869370","121","109","64-18","45-37",0.78,0.549,119,112.6,107.9,111.1,11.1,1.5,100,100,0,"07:30 PM ET"
"2026-04-25","New York Knicks","Atlanta Hawks","Final","New York Knicks","New York Knicks",0.5069,0.4931,"401869391","114","98","53-29","46-36",0.646,0.561,116.5,118.5,110.1,116,6.3,2.4,100,100,0,"10:00 PM ET"
"2026-04-25","Denver Nuggets","Minnesota Timberwolves","Final","Minnesota Timberwolves","Denver Nuggets",0.5085,0.4915,"401869399","96","112","54-28","49-33",0.659,0.598,122.1,118,116.9,114.6,5.2,3.4,100,100,0,"12:30 AM ET"
"2026-04-26","Cleveland Cavaliers","Toronto Raptors","Final","Toronto Raptors","Cleveland Cavaliers",0.5327,0.4673,"401869377","89","93","52-30","46-36",0.634,0.561,119.5,114.6,115.4,111.8,4.1,2.8,100,100,0,"05:00 PM ET"
"2026-04-26","San Antonio Spurs","Portland Trail Blazers","Final","San Antonio Spurs","San Antonio Spurs",0.7919,0.2081,"401869385","114","93","62-20","42-40",0.756,0.512,119.8,115.5,111.5,115.8,8.3,-0.3,100,100,0,"07:30 PM ET"
"2026-04-26","Boston Celtics","Philadelphia 76ers","Final","Boston Celtics","Boston Celtics",0.6077,0.3923,"401869406","128","96","56-26","45-37",0.683,0.549,114.9,115.9,107.2,116.1,7.7,-0.2,100,100,0,"11:00 PM ET"
"2026-04-26","Los Angeles Lakers","Houston Rockets","Final","Houston Rockets","Houston Rockets",0.3878,0.6122,"401869405","96","115","53-29","52-30",0.646,0.634,116.3,115.2,114.6,110,1.8,5.2,100,100,0,"01:30 AM ET"
"2026-04-27","Detroit Pistons","Orlando Magic","Final","Orlando Magic","Detroit Pistons",0.7011,0.2989,"401869415","88","94","60-22","45-37",0.732,0.549,117.8,115.7,109.6,115.1,8.2,0.6,100,100,0,"12:00 AM ET"
"2026-04-27","Oklahoma City Thunder","Phoenix Suns","Final","Oklahoma City Thunder","Oklahoma City Thunder",0.7912,0.2088,"401869373","131","122","64-18","45-37",0.78,0.549,119,112.6,107.9,111.1,11.1,1.5,100,100,0,"01:30 AM ET"
"2026-04-27","Minnesota Timberwolves","Denver Nuggets","Final","Denver Nuggets","Denver Nuggets",0.2541,0.7459,"401869401","113","125","49-33","54-28",0.598,0.659,118,122.1,114.6,116.9,3.4,5.2,100,100,0,"02:30 AM ET"
"2026-04-28","Philadelphia 76ers","Boston Celtics","Final","Philadelphia 76ers","Boston Celtics",0.1853,0.8147,"401869408","113","97","45-37","56-26",0.549,0.683,115.9,114.9,116.1,107.2,-0.2,7.7,100,100,0,"11:00 PM ET"
"2026-04-28","Atlanta Hawks","New York Knicks","Final","New York Knicks","New York Knicks",0.2553,0.7447,"401869392","97","126","46-36","53-29",0.561,0.646,118.5,116.5,116,110.1,2.4,6.3,100,100,0,"12:00 AM ET"
"2026-04-28","Portland Trail Blazers","San Antonio Spurs","Final","San Antonio Spurs","San Antonio Spurs",0.0847,0.9153,"401869386","95","114","42-40","62-20",0.512,0.756,115.5,119.8,115.8,111.5,-0.3,8.3,100,100,0,"01:30 AM ET"
"2026-04-29","Orlando Magic","Detroit Pistons","Final","Detroit Pistons","Detroit Pistons",0.1306,0.8694,"401869416","109","116","45-37","60-22",0.549,0.732,115.7,117.8,115.1,109.6,0.6,8.2,100,100,0,"11:00 PM ET"
"2026-04-29","Toronto Raptors","Cleveland Cavaliers","Final","Cleveland Cavaliers","Cleveland Cavaliers",0.2361,0.7639,"401869380","120","125","46-36","52-30",0.561,0.634,114.6,119.5,111.8,115.4,2.8,4.1,100,100,0,"11:30 PM ET"
"2026-04-29","Houston Rockets","Los Angeles Lakers","Final","Houston Rockets","Los Angeles Lakers",0.3574,0.6426,"401869407","99","93","52-30","53-29",0.634,0.646,115.2,116.3,110,114.6,5.2,1.8,100,100,0,"02:00 AM ET"
"2026-04-30","New York Knicks","Atlanta Hawks","Final","New York Knicks","New York Knicks",0.5069,0.4931,"401869393","140","89","53-29","46-36",0.646,0.561,116.5,118.5,110.1,116,6.3,2.4,100,100,0,"11:00 PM ET"
"2026-04-30","Boston Celtics","Philadelphia 76ers","Final","Philadelphia 76ers","Boston Celtics",0.6077,0.3923,"401869410","93","106","56-26","45-37",0.683,0.549,114.9,115.9,107.2,116.1,7.7,-0.2,100,100,0,"12:00 AM ET"
"2026-04-30","Denver Nuggets","Minnesota Timberwolves","Final","Minnesota Timberwolves","Denver Nuggets",0.5085,0.4915,"401869402","98","110","54-28","49-33",0.659,0.598,122.1,118,116.9,114.6,5.2,3.4,100,100,0,"01:30 AM ET"
"2026-05-01","Detroit Pistons","Orlando Magic","Final","Detroit Pistons","Detroit Pistons",0.7011,0.2989,"401869417","93","79","60-22","45-37",0.732,0.549,117.8,115.7,109.6,115.1,8.2,0.6,100,100,0,"11:00 PM ET"
"2026-05-01","Cleveland Cavaliers","Toronto Raptors","Final","Toronto Raptors","Cleveland Cavaliers",0.5327,0.4673,"401869381","110","112","52-30","46-36",0.634,0.561,119.5,114.6,115.4,111.8,4.1,2.8,100,100,0,"11:30 PM ET"
"2026-05-01","Los Angeles Lakers","Houston Rockets","Final","Los Angeles Lakers","Houston Rockets",0.3878,0.6122,"401869409","98","78","53-29","52-30",0.646,0.634,116.3,115.2,114.6,110,1.8,5.2,100,100,0,"01:30 AM ET"
"2026-05-02","Philadelphia 76ers","Boston Celtics","Final","Philadelphia 76ers","Boston Celtics",0.1853,0.8147,"401869412","109","100","45-37","56-26",0.549,0.683,115.9,114.9,116.1,107.2,-0.2,7.7,100,100,0,"11:30 PM ET"
"2026-05-03","Orlando Magic","Detroit Pistons","Final","Detroit Pistons","Detroit Pistons",0.1306,0.8694,"401869418","94","116","45-37","60-22",0.549,0.732,115.7,117.8,115.1,109.6,0.6,8.2,100,100,0,"07:30 PM ET"
"2026-05-03","Toronto Raptors","Cleveland Cavaliers","Final","Cleveland Cavaliers","Cleveland Cavaliers",0.2361,0.7639,"401869384","102","114","46-36","52-30",0.561,0.634,114.6,119.5,111.8,115.4,2.8,4.1,100,100,0,"11:30 PM ET"
"2026-05-04","Philadelphia 76ers","New York Knicks","Final","New York Knicks","New York Knicks",0.105,0.895,"401871159","98","137","45-37","53-29",0.549,0.646,115.9,116.5,116.1,110.1,-0.2,6.3,100,100,2,"12:00 AM ET"
"2026-05-04","Minnesota Timberwolves","San Antonio Spurs","Final","Minnesota Timberwolves","San Antonio Spurs",0.1071,0.8929,"401871152","104","102","49-33","62-20",0.598,0.756,118,119.8,114.6,111.5,3.4,8.3,100,100,1,"01:30 AM ET"
"2026-05-05","Cleveland Cavaliers","Detroit Pistons","Final","Detroit Pistons","Detroit Pistons",0.2372,0.7628,"401871333","101","111","52-30","60-22",0.634,0.732,119.5,117.8,115.4,109.6,4.1,8.2,100,100,0,"11:00 PM ET"
"2026-05-05","Los Angeles Lakers","Oklahoma City Thunder","Final","Oklahoma City Thunder","Oklahoma City Thunder",0.1136,0.8864,"401871326","90","108","53-29","64-18",0.646,0.78,116.3,119,114.6,107.9,1.8,11.1,100,100,1,"12:30 AM ET"
"2026-05-06","Philadelphia 76ers","New York Knicks","Final","New York Knicks","New York Knicks",0.2194,0.7806,"401871160","102","108","45-37","53-29",0.549,0.646,115.9,116.5,116.1,110.1,-0.2,6.3,100,100,0,"11:00 PM ET"
"2026-05-06","Minnesota Timberwolves","San Antonio Spurs","Final","San Antonio Spurs","San Antonio Spurs",0.1566,0.8434,"401871153","95","133","49-33","62-20",0.598,0.756,118,119.8,114.6,111.5,3.4,8.3,100,100,0,"01:30 AM ET"
"2026-05-07","Cleveland Cavaliers","Detroit Pistons","Final","Detroit Pistons","Detroit Pistons",0.2372,0.7628,"401871334","97","107","52-30","60-22",0.634,0.732,119.5,117.8,115.4,109.6,4.1,8.2,100,100,0,"11:00 PM ET"
"2026-05-07","Los Angeles Lakers","Oklahoma City Thunder","Final","Oklahoma City Thunder","Oklahoma City Thunder",0.1655,0.8345,"401871327","107","125","53-29","64-18",0.646,0.78,116.3,119,114.6,107.9,1.8,11.1,100,100,0,"01:30 AM ET"
"2026-05-08","New York Knicks","Philadelphia 76ers","Final","New York Knicks","New York Knicks",0.5562,0.4438,"401871161","108","94","53-29","45-37",0.646,0.549,116.5,115.9,110.1,116.1,6.3,-0.2,100,100,0,"11:00 PM ET"
"2026-05-08","San Antonio Spurs","Minnesota Timberwolves","Final","San Antonio Spurs","San Antonio Spurs",0.6549,0.3451,"401871154","115","108","62-20","49-33",0.756,0.598,119.8,118,111.5,114.6,8.3,3.4,100,100,0,"01:30 AM ET"
"2026-05-09","Detroit Pistons","Cleveland Cavaliers","Final","Cleveland Cavaliers","Detroit Pistons",0.5313,0.4687,"401871335","109","116","60-22","52-30",0.732,0.634,117.8,119.5,109.6,115.4,8.2,4.1,100,100,0,"07:00 PM ET"
"2026-05-09","Oklahoma City Thunder","Los Angeles Lakers","Final","Oklahoma City Thunder","Oklahoma City Thunder",0.6399,0.3601,"401871328","131","108","64-18","53-29",0.78,0.646,119,116.3,107.9,114.6,11.1,1.8,100,100,0,"12:30 AM ET"
"2026-05-10","New York Knicks","Philadelphia 76ers","Final","New York Knicks","New York Knicks",0.5562,0.4438,"401871162","144","114","53-29","45-37",0.646,0.549,116.5,115.9,110.1,116.1,6.3,-0.2,100,100,0,"07:30 PM ET"
"2026-05-10","San Antonio Spurs","Minnesota Timberwolves","Final","Minnesota Timberwolves","San Antonio Spurs",0.6549,0.3451,"401871155","109","114","62-20","49-33",0.756,0.598,119.8,118,111.5,114.6,8.3,3.4,100,100,0,"11:30 PM ET"
"2026-05-11","Detroit Pistons","Cleveland Cavaliers","Final","Cleveland Cavaliers","Detroit Pistons",0.5313,0.4687,"401871336","103","112","60-22","52-30",0.732,0.634,117.8,119.5,109.6,115.4,8.2,4.1,100,100,0,"12:00 AM ET"
"2026-05-11","Oklahoma City Thunder","Los Angeles Lakers","Final","Oklahoma City Thunder","Oklahoma City Thunder",0.6399,0.3601,"401871329","115","110","64-18","53-29",0.78,0.646,119,116.3,107.9,114.6,11.1,1.8,100,100,0,"02:30 AM ET"
"2026-05-12","Minnesota Timberwolves","San Antonio Spurs","Final","San Antonio Spurs","San Antonio Spurs",0.1566,0.8434,"401871156","97","126","49-33","62-20",0.598,0.756,118,119.8,114.6,111.5,3.4,8.3,100,100,0,"12:00 AM ET"
"2026-05-13","Cleveland Cavaliers","Detroit Pistons","Final","Cleveland Cavaliers","Detroit Pistons",0.2372,0.7628,"401871337","117","113","52-30","60-22",0.634,0.732,119.5,117.8,115.4,109.6,4.1,8.2,100,100,0,"12:00 AM ET"
"2026-05-15","Detroit Pistons","Cleveland Cavaliers","Scheduled","","Detroit Pistons",0.5313,0.4687,"401871338","0","0","60-22","52-30",0.732,0.634,117.8,119.5,109.6,115.4,8.2,4.1,100,100,0,"11:00 PM ET"
"2026-05-15","San Antonio Spurs","Minnesota Timberwolves","Scheduled","","San Antonio Spurs",0.6549,0.3451,"401871157","0","0","62-20","49-33",0.756,0.598,119.8,118,111.5,114.6,8.3,3.4,100,100,0,"01:30 AM ET"
"2026-05-17","Minnesota Timberwolves","San Antonio Spurs","Scheduled","","San Antonio Spurs",0.1566,0.8434,"401871158","0","0","49-33","62-20",0.598,0.756,118,119.8,114.6,111.5,3.4,8.3,100,100,0,"04:00 AM ET"
"2026-05-17","Cleveland Cavaliers","Detroit Pistons","Scheduled","","Detroit Pistons",0.2372,0.7628,"401871339","0","0","52-30","60-22",0.634,0.732,119.5,117.8,115.4,109.6,4.1,8.2,100,100,0,"04:00 AM ET"
