"game_date","away_team","home_team","status","winner","favored_team","away_win_probability","home_win_probability","game_id","away_score","home_score","away_record","home_record","away_pts_pct","home_pts_pct","away_gf_pg","home_gf_pg","away_ga_pg","home_ga_pg","away_pp_pct","home_pp_pct","away_pk_pct","home_pk_pct","away_save_pct","home_save_pct","game_time"
"2026-03-16","Calgary Flames","Detroit Red Wings","Final","Detroit Red Wings","Detroit Red Wings",0.3656,0.6344,"401803414","2","5","26-34-7","37-23-8",47,56.1,2.59,2.94,3.16,3.15,20,20,80,80,0.91,0.91,"11:00 PM ET"
"2026-03-16","Boston Bruins","New Jersey Devils","Final","New Jersey Devils","Boston Bruins",0.5933,0.4067,"401803415","3","4","37-23-7","34-31-2",61,53,3.32,2.8,3.05,3.1,20,20,80,80,0.91,0.91,"11:00 PM ET"
"2026-03-16","Los Angeles Kings","New York Rangers","Final","Los Angeles Kings","Los Angeles Kings",0.5989,0.4011,"401803416","4","1","28-24-15","28-31-8",54.9,47,2.74,2.9,3.01,3.05,20,20,80,80,0.91,0.91,"11:00 PM ET"
"2026-03-16","Utah Mammoth","Dallas Stars","Final","Utah Mammoth","Dallas Stars",0.3163,0.6837,"401803417","6","3","35-27-6","42-15-10",56.1,68.3,3.27,3.4,2.93,2.76,20,20,80,80,0.91,0.91,"12:00 AM ET"
"2026-03-16","Pittsburgh Penguins","Colorado Avalanche","Final","Pittsburgh Penguins","Colorado Avalanche",0.266,0.734,"401803418","7","2","34-18-15","44-13-9",59.8,73.8,3.57,3.68,3.27,2.48,20,20,80,80,0.91,0.91,"01:50 AM ET"
"2026-03-17","New York Islanders","Toronto Maple Leafs","Final","New York Islanders","New York Islanders",0.6362,0.3638,"401803419","3","1","39-24-5","29-28-12",55.5,47.6,2.84,3.09,2.94,3.65,20,20,80,80,0.91,0.91,"11:00 PM ET"
"2026-03-17","Boston Bruins","Montreal Canadiens","Final","Montreal Canadiens","Montreal Canadiens",0.4414,0.5586,"401803420","2","3","37-23-8","37-20-10",61,64.6,3.32,3.45,3.05,3.12,20,20,80,80,0.91,0.91,"11:00 PM ET"
"2026-03-17","Carolina Hurricanes","Columbus Blue Jackets","Final","Columbus Blue Jackets","Carolina Hurricanes",0.6617,0.3383,"401803421","1","5","42-19-6","35-21-11",68.9,56.1,3.61,3.09,2.93,3.09,20,20,80,80,0.91,0.91,"11:00 PM ET"
"2026-03-17","Minnesota Wild","Chicago Blackhawks","Final","Minnesota Wild","Minnesota Wild",0.7495,0.2505,"401803423","4","3","39-18-12","25-30-12",63.4,43.9,3.32,2.6,2.93,3.35,20,20,80,80,0.91,0.91,"11:30 PM ET"
"2026-03-17","Nashville Predators","Winnipeg Jets","Final","Nashville Predators","Nashville Predators",0.5108,0.4892,"401803422","4","3","30-28-9","28-28-11",52.4,50,3.01,2.82,3.28,3.17,20,20,80,80,0.91,0.91,"12:00 AM ET"
"2026-03-17","San Jose Sharks","Edmonton Oilers","Final","Edmonton Oilers","Edmonton Oilers",0.4149,0.5851,"401803424","3","5","32-28-6","34-26-9",52.4,56.7,3.06,3.44,3.56,3.28,20,20,80,80,0.91,0.91,"01:00 AM ET"
"2026-03-17","Florida Panthers","Vancouver Canucks","Final","Vancouver Canucks","Florida Panthers",0.7143,0.2857,"401803425","2","5","33-31-3","21-38-8",51.2,35.4,3.06,2.63,3.37,3.85,20,20,80,80,0.91,0.91,"02:00 AM ET"
"2026-03-17","Buffalo Sabres","Vegas Golden Knights","Final","Buffalo Sabres","Buffalo Sabres",0.6073,0.3927,"401803426","2","0","42-20-6","31-23-14",66.5,57.9,3.51,3.23,2.94,3.05,20,20,80,80,0.91,0.91,"02:00 AM ET"
"2026-03-17","Tampa Bay Lightning","Seattle Kraken","Final","Tampa Bay Lightning","Tampa Bay Lightning",0.7136,0.2864,"401803427","6","2","41-21-4","31-27-9",64.6,48.2,3.54,2.76,2.82,3.21,20,20,80,80,0.91,0.91,"02:00 AM ET"
"2026-03-18","New Jersey Devils","New York Rangers","Final","New Jersey Devils","New Jersey Devils",0.5674,0.4326,"401803428","6","3","35-31-2","28-32-8",53,47,2.8,2.9,3.1,3.05,20,20,80,80,0.91,0.91,"11:00 PM ET"
"2026-03-18","Pittsburgh Penguins","Carolina Hurricanes","Final","Carolina Hurricanes","Carolina Hurricanes",0.345,0.655,"401803429","5","6","34-18-16","43-19-6",59.8,68.9,3.57,3.61,3.27,2.93,20,20,80,80,0.91,0.91,"11:00 PM ET"
"2026-03-18","Ottawa Senators","Washington Capitals","Final","Washington Capitals","Ottawa Senators",0.5175,0.4825,"401803430","1","4","34-24-9","34-27-8",60.4,57.9,3.39,3.21,3,2.98,20,20,80,80,0.91,0.91,"11:30 PM ET"
"2026-03-18","Dallas Stars","Colorado Avalanche","Final","Dallas Stars","Colorado Avalanche",0.3976,0.6024,"401803431","2","1","43-15-10","44-13-10",68.3,73.8,3.4,3.68,2.76,2.48,20,20,80,80,0.91,0.91,"01:30 AM ET"
"2026-03-18","St. Louis Blues","Calgary Flames","Final","Calgary Flames","St. Louis Blues",0.5589,0.4411,"401803432","1","2","27-30-11","27-34-7",52.4,47,2.82,2.59,3.15,3.16,20,20,80,80,0.91,0.91,"01:30 AM ET"
"2026-03-18","Philadelphia Flyers","Anaheim Ducks","Final","Philadelphia Flyers","Philadelphia Flyers",0.5718,0.4282,"401803433","3","2","32-23-12","37-27-4",59.8,56.1,3.05,3.33,2.96,3.51,20,20,80,80,0.91,0.91,"02:00 AM ET"
"2026-03-19","Winnipeg Jets","Boston Bruins","Final","Boston Bruins","Boston Bruins",0.3372,0.6628,"401803434","1","6","28-29-11","38-23-8",50,61,2.82,3.32,3.17,3.05,20,20,80,80,0.91,0.91,"11:00 PM ET"
"2026-03-19","New York Islanders","Ottawa Senators","Final","Ottawa Senators","Ottawa Senators",0.4277,0.5723,"401803435","2","3","39-25-5","35-24-9",55.5,60.4,2.84,3.39,2.94,3,20,20,80,80,0.91,0.91,"11:00 PM ET"
"2026-03-19","Montreal Canadiens","Detroit Red Wings","Final","Detroit Red Wings","Montreal Canadiens",0.599,0.401,"401803436","1","3","37-21-10","38-23-8",64.6,56.1,3.45,2.94,3.12,3.15,20,20,80,80,0.91,0.91,"11:00 PM ET"
"2026-03-19","New York Rangers","Columbus Blue Jackets","Final","Columbus Blue Jackets","Columbus Blue Jackets",0.3666,0.6334,"401803437","3","6","28-33-8","36-21-11",47,56.1,2.9,3.09,3.05,3.09,20,20,80,80,0.91,0.91,"11:00 PM ET"
"2026-03-19","Chicago Blackhawks","Minnesota Wild","Final","Chicago Blackhawks","Minnesota Wild",0.2299,0.7701,"401803439","2","1","26-30-12","39-19-12",43.9,63.4,2.6,3.32,3.35,2.93,20,20,80,80,0.91,0.91,"11:30 PM ET"
"2026-03-19","Seattle Kraken","Nashville Predators","Final","Nashville Predators","Nashville Predators",0.4345,0.5655,"401803438","1","3","31-28-9","31-28-9",48.2,52.4,2.76,3.01,3.21,3.28,20,20,80,80,0.91,0.91,"12:00 AM ET"
"2026-03-19","Florida Panthers","Edmonton Oilers","Final","Florida Panthers","Edmonton Oilers",0.4092,0.5908,"401803440","4","0","34-31-3","34-27-9",51.2,56.7,3.06,3.44,3.37,3.28,20,20,80,80,0.91,0.91,"01:00 AM ET"
"2026-03-19","Tampa Bay Lightning","Vancouver Canucks","Final","Tampa Bay Lightning","Tampa Bay Lightning",0.8543,0.1457,"401803441","6","2","42-21-4","21-39-8",64.6,35.4,3.54,2.63,2.82,3.85,20,20,80,80,0.91,0.91,"02:00 AM ET"
"2026-03-19","Utah Mammoth","Vegas Golden Knights","Final","Utah Mammoth","Vegas Golden Knights",0.4672,0.5328,"401803442","4","0","36-27-6","31-24-14",56.1,57.9,3.27,3.23,2.93,3.05,20,20,80,80,0.91,0.91,"02:00 AM ET"
"2026-03-19","Buffalo Sabres","San Jose Sharks","Final","Buffalo Sabres","Buffalo Sabres",0.7011,0.2989,"401803443","5","0","43-20-6","32-29-6",66.5,52.4,3.51,3.06,2.94,3.56,20,20,80,80,0.91,0.91,"02:00 AM ET"
"2026-03-19","Philadelphia Flyers","Los Angeles Kings","Final","Philadelphia Flyers","Philadelphia Flyers",0.5534,0.4466,"401803444","4","3","33-23-12","28-24-16",59.8,54.9,3.05,2.74,2.96,3.01,20,20,80,80,0.91,0.91,"02:30 AM ET"
"2026-03-20","Carolina Hurricanes","Toronto Maple Leafs","Final","Carolina Hurricanes","Carolina Hurricanes",0.7815,0.2185,"401803445","4","3","44-19-6","29-28-13",68.9,47.6,3.61,3.09,2.93,3.65,20,20,80,80,0.91,0.91,"11:00 PM ET"
"2026-03-20","New Jersey Devils","Washington Capitals","Final","Washington Capitals","Washington Capitals",0.416,0.584,"401803446","1","2","35-32-2","35-27-8",53,57.9,2.8,3.21,3.1,2.98,20,20,80,80,0.91,0.91,"11:00 PM ET"
"2026-03-20","Colorado Avalanche","Chicago Blackhawks","Final","Colorado Avalanche","Colorado Avalanche",0.8536,0.1464,"401803447","4","1","45-13-10","26-31-12",73.8,43.9,3.68,2.6,2.48,3.35,20,20,80,80,0.91,0.91,"12:30 AM ET"
"2026-03-20","Florida Panthers","Calgary Flames","Final","Calgary Flames","Florida Panthers",0.527,0.473,"401803448","1","4","34-32-3","28-34-7",51.2,47,3.06,2.59,3.37,3.16,20,20,80,80,0.91,0.91,"01:00 AM ET"
"2026-03-20","Anaheim Ducks","Utah Mammoth","Final","Anaheim Ducks","Utah Mammoth",0.4519,0.5481,"401803449","4","1","38-27-4","36-28-6",56.1,56.1,3.33,3.27,3.51,2.93,20,20,80,80,0.91,0.91,"02:00 AM ET"
"2026-03-21","Winnipeg Jets","Pittsburgh Penguins","Final","Pittsburgh Penguins","Pittsburgh Penguins",0.3666,0.6334,"401803450","4","5","28-29-12","35-18-16",50,59.8,2.82,3.57,3.17,3.27,20,20,80,80,0.91,0.91,"05:00 PM ET"
"2026-03-21","Vegas Golden Knights","Nashville Predators","Final","Nashville Predators","Vegas Golden Knights",0.5728,0.4272,"401803451","1","4","31-25-14","32-28-9",57.9,52.4,3.23,3.01,3.05,3.28,20,20,80,80,0.91,0.91,"06:00 PM ET"
"2026-03-21","Dallas Stars","Minnesota Wild","Final","Minnesota Wild","Dallas Stars",0.5627,0.4373,"401803452","1","2","43-15-11","40-19-12",68.3,63.4,3.4,3.32,2.76,2.93,20,20,80,80,0.91,0.91,"08:00 PM ET"
"2026-03-21","Buffalo Sabres","Los Angeles Kings","Final","Buffalo Sabres","Buffalo Sabres",0.6392,0.3608,"401803453","4","1","44-20-6","28-25-16",66.5,54.9,3.51,2.74,2.94,3.01,20,20,80,80,0.91,0.91,"08:00 PM ET"
"2026-03-21","Philadelphia Flyers","San Jose Sharks","Final","Philadelphia Flyers","Philadelphia Flyers",0.6213,0.3787,"401803454","4","1","34-23-12","32-30-6",59.8,52.4,3.05,3.06,2.96,3.56,20,20,80,80,0.91,0.91,"08:00 PM ET"
"2026-03-21","Seattle Kraken","Columbus Blue Jackets","Final","Columbus Blue Jackets","Columbus Blue Jackets",0.3751,0.6249,"401803455","2","5","31-29-9","37-21-11",48.2,56.1,2.76,3.09,3.21,3.09,20,20,80,80,0.91,0.91,"09:00 PM ET"
"2026-03-21","New York Islanders","Montreal Canadiens","Final","Montreal Canadiens","Montreal Canadiens",0.3786,0.6214,"401803456","3","7","39-26-5","38-21-10",55.5,64.6,2.84,3.45,2.94,3.12,20,20,80,80,0.91,0.91,"11:00 PM ET"
"2026-03-21","Toronto Maple Leafs","Ottawa Senators","Final","Ottawa Senators","Ottawa Senators",0.2876,0.7124,"401803457","2","5","29-29-13","36-24-9",47.6,60.4,3.09,3.39,3.65,3,20,20,80,80,0.91,0.91,"11:00 PM ET"
"2026-03-21","St. Louis Blues","Vancouver Canucks","Final","St. Louis Blues","St. Louis Blues",0.7398,0.2602,"401803458","3","1","28-30-11","21-40-8",52.4,35.4,2.82,2.63,3.15,3.85,20,20,80,80,0.91,0.91,"11:00 PM ET"
"2026-03-21","Boston Bruins","Detroit Red Wings","Final","Boston Bruins","Boston Bruins",0.5554,0.4446,"401803459","4","2","39-23-8","38-24-8",61,56.1,3.32,2.94,3.05,3.15,20,20,80,80,0.91,0.91,"12:00 AM ET"
"2026-03-21","Tampa Bay Lightning","Edmonton Oilers","Final","Tampa Bay Lightning","Tampa Bay Lightning",0.6191,0.3809,"401803460","5","2","43-21-4","34-28-9",64.6,56.7,3.54,3.44,2.82,3.28,20,20,80,80,0.91,0.91,"02:00 AM ET"
"2026-03-22","Winnipeg Jets","New York Rangers","Final","Winnipeg Jets","Winnipeg Jets",0.5217,0.4783,"401803461","3","2","29-29-12","28-33-9",50,47,2.82,2.9,3.17,3.05,20,20,80,80,0.91,0.91,"04:00 PM ET"
"2026-03-22","Colorado Avalanche","Washington Capitals","Final","Colorado Avalanche","Colorado Avalanche",0.716,0.284,"401803462","3","2","46-13-10","35-27-9",73.8,57.9,3.68,3.21,2.48,2.98,20,20,80,80,0.91,0.91,"04:30 PM ET"
"2026-03-22","Carolina Hurricanes","Pittsburgh Penguins","Final","Carolina Hurricanes","Carolina Hurricanes",0.6289,0.3711,"401803463","5","1","45-19-6","35-19-16",68.9,59.8,3.61,3.57,2.93,3.27,20,20,80,80,0.91,0.91,"07:00 PM ET"
"2026-03-22","Nashville Predators","Chicago Blackhawks","Final","Nashville Predators","Nashville Predators",0.6023,0.3977,"401803464","3","2","33-28-9","26-31-13",52.4,43.9,3.01,2.6,3.28,3.35,20,20,80,80,0.91,0.91,"07:00 PM ET"
"2026-03-22","Columbus Blue Jackets","New York Islanders","Final","New York Islanders","New York Islanders",0.4827,0.5173,"401803465","0","1","37-22-11","40-26-5",56.1,55.5,3.09,2.84,3.09,2.94,20,20,80,80,0.91,0.91,"11:00 PM ET"
"2026-03-22","Vegas Golden Knights","Dallas Stars","Final","Vegas Golden Knights","Dallas Stars",0.3326,0.6674,"401803466","3","2","32-25-14","43-16-11",57.9,68.3,3.23,3.4,3.05,2.76,20,20,80,80,0.91,0.91,"11:00 PM ET"
"2026-03-22","Tampa Bay Lightning","Calgary Flames","Final","Calgary Flames","Tampa Bay Lightning",0.7233,0.2767,"401803467","3","4","43-21-5","29-34-7",64.6,47,3.54,2.59,2.82,3.16,20,20,80,80,0.91,0.91,"12:00 AM ET"
"2026-03-22","Buffalo Sabres","Anaheim Ducks","Final","Anaheim Ducks","Buffalo Sabres",0.6563,0.3437,"401803468","5","6","44-20-7","39-27-4",66.5,56.1,3.51,3.33,2.94,3.51,20,20,80,80,0.91,0.91,"12:00 AM ET"
"2026-03-22","Los Angeles Kings","Utah Mammoth","Final","Utah Mammoth","Utah Mammoth",0.4705,0.5295,"401803469","3","4","28-25-17","37-28-6",54.9,56.1,2.74,3.27,3.01,2.93,20,20,80,80,0.91,0.91,"01:00 AM ET"
"2026-03-23","Ottawa Senators","New York Rangers","Final","Ottawa Senators","Ottawa Senators",0.6638,0.3362,"401803470","2","1","37-24-9","28-34-9",60.4,47,3.39,2.9,3,3.05,20,20,80,80,0.91,0.91,"11:30 PM ET"
"2026-03-24","Toronto Maple Leafs","Boston Bruins","Final","Toronto Maple Leafs","Boston Bruins",0.2824,0.7176,"401803471","4","2","30-29-13","39-24-8",47.6,61,3.09,3.32,3.65,3.05,20,20,80,80,0.91,0.91,"11:00 PM ET"
"2026-03-24","Carolina Hurricanes","Montreal Canadiens","Final","Montreal Canadiens","Carolina Hurricanes",0.5547,0.4453,"401803472","2","5","45-20-6","39-21-10",68.9,64.6,3.61,3.45,2.93,3.12,20,20,80,80,0.91,0.91,"11:00 PM ET"
"2026-03-24","Ottawa Senators","Detroit Red Wings","Final","Ottawa Senators","Ottawa Senators",0.5492,0.4508,"401803473","3","2","38-24-9","38-25-8",60.4,56.1,3.39,2.94,3,3.15,20,20,80,80,0.91,0.91,"11:00 PM ET"
"2026-03-24","Seattle Kraken","Florida Panthers","Final","Florida Panthers","Florida Panthers",0.4567,0.5433,"401803474","4","5","31-29-10","35-32-3",48.2,51.2,2.76,3.06,3.21,3.37,20,20,80,80,0.91,0.91,"11:00 PM ET"
"2026-03-24","Chicago Blackhawks","New York Islanders","Final","Chicago Blackhawks","New York Islanders",0.3127,0.6873,"401803475","4","3","27-31-13","40-27-5",43.9,55.5,2.6,2.84,3.35,2.94,20,20,80,80,0.91,0.91,"11:00 PM ET"
"2026-03-24","Columbus Blue Jackets","Philadelphia Flyers","Final","Columbus Blue Jackets","Philadelphia Flyers",0.4268,0.5732,"401803476","3","2","38-22-11","34-24-12",56.1,59.8,3.09,3.05,3.09,2.96,20,20,80,80,0.91,0.91,"11:00 PM ET"
"2026-03-24","Colorado Avalanche","Pittsburgh Penguins","Final","Colorado Avalanche","Colorado Avalanche",0.7113,0.2887,"401803477","6","2","47-13-10","35-20-16",73.8,59.8,3.68,3.57,2.48,3.27,20,20,80,80,0.91,0.91,"11:00 PM ET"
"2026-03-24","Minnesota Wild","Tampa Bay Lightning","Final","Tampa Bay Lightning","Tampa Bay Lightning",0.4653,0.5347,"401803478","3","6","40-20-12","44-21-5",63.4,64.6,3.32,3.54,2.93,2.82,20,20,80,80,0.91,0.91,"11:30 PM ET"
"2026-03-24","Washington Capitals","St. Louis Blues","Final","St. Louis Blues","Washington Capitals",0.5675,0.4325,"401803479","0","3","35-28-9","29-30-11",57.9,52.4,3.21,2.82,2.98,3.15,20,20,80,80,0.91,0.91,"12:00 AM ET"
"2026-03-24","San Jose Sharks","Nashville Predators","Final","Nashville Predators","Nashville Predators",0.4692,0.5308,"401803480","3","6","32-31-6","34-28-9",52.4,52.4,3.06,3.01,3.56,3.28,20,20,80,80,0.91,0.91,"12:00 AM ET"
"2026-03-24","New Jersey Devils","Dallas Stars","Final","New Jersey Devils","Dallas Stars",0.2765,0.7235,"401803481","6","4","36-32-2","43-17-11",53,68.3,2.8,3.4,3.1,2.76,20,20,80,80,0.91,0.91,"12:00 AM ET"
"2026-03-24","Vegas Golden Knights","Winnipeg Jets","Final","Winnipeg Jets","Vegas Golden Knights",0.5971,0.4029,"401803482","1","4","32-26-14","30-29-12",57.9,50,3.23,2.82,3.05,3.17,20,20,80,80,0.91,0.91,"12:00 AM ET"
"2026-03-24","Los Angeles Kings","Calgary Flames","Final","Calgary Flames","Los Angeles Kings",0.6016,0.3984,"401803484","2","3","28-25-18","30-34-7",54.9,47,2.74,2.59,3.01,3.16,20,20,80,80,0.91,0.91,"01:00 AM ET"
"2026-03-24","Edmonton Oilers","Utah Mammoth","Final","Edmonton Oilers","Utah Mammoth",0.4721,0.5279,"401803483","5","2","35-28-9","37-29-6",56.7,56.1,3.44,3.27,3.28,2.93,20,20,80,80,0.91,0.91,"01:30 AM ET"
"2026-03-24","Anaheim Ducks","Vancouver Canucks","Final","Anaheim Ducks","Anaheim Ducks",0.7586,0.2414,"401803485","5","3","40-27-4","21-41-8",56.1,35.4,3.33,2.63,3.51,3.85,20,20,80,80,0.91,0.91,"02:00 AM ET"
"2026-03-25","Boston Bruins","Buffalo Sabres","Final","Boston Bruins","Buffalo Sabres",0.406,0.594,"401803486","4","3","40-24-8","44-20-8",61,66.5,3.32,3.51,3.05,2.94,20,20,80,80,0.91,0.91,"11:30 PM ET"
"2026-03-25","New York Rangers","Toronto Maple Leafs","Final","Toronto Maple Leafs","New York Rangers",0.5141,0.4859,"401803487","3","4","28-35-9","31-29-13",47,47.6,2.9,3.09,3.05,3.65,20,20,80,80,0.91,0.91,"11:30 PM ET"
"2026-03-26","Columbus Blue Jackets","Montreal Canadiens","Final","Montreal Canadiens","Montreal Canadiens",0.3757,0.6243,"401803488","1","2","38-23-11","40-21-10",56.1,64.6,3.09,3.45,3.09,3.12,20,20,80,80,0.91,0.91,"11:00 PM ET"
"2026-03-26","Pittsburgh Penguins","Ottawa Senators","Final","Pittsburgh Penguins","Ottawa Senators",0.46,0.54,"401803489","4","3","36-20-16","38-24-10",59.8,60.4,3.57,3.39,3.27,3,20,20,80,80,0.91,0.91,"11:00 PM ET"
"2026-03-26","Seattle Kraken","Tampa Bay Lightning","Final","Seattle Kraken","Tampa Bay Lightning",0.2638,0.7362,"401803490","4","3","32-29-10","44-21-6",48.2,64.6,2.76,3.54,3.21,2.82,20,20,80,80,0.91,0.91,"11:00 PM ET"
"2026-03-26","Minnesota Wild","Florida Panthers","Final","Minnesota Wild","Minnesota Wild",0.6712,0.3288,"401803491","3","2","41-20-12","35-33-3",63.4,51.2,3.32,3.06,2.93,3.37,20,20,80,80,0.91,0.91,"11:00 PM ET"
"2026-03-26","Dallas Stars","New York Islanders","Final","New York Islanders","Dallas Stars",0.6623,0.3377,"401803492","1","2","43-18-11","41-27-5",68.3,55.5,3.4,2.84,2.76,2.94,20,20,80,80,0.91,0.91,"11:00 PM ET"
"2026-03-26","Chicago Blackhawks","Philadelphia Flyers","Final","Philadelphia Flyers","Philadelphia Flyers",0.2663,0.7337,"401803493","1","5","27-32-13","35-24-12",43.9,59.8,2.6,3.05,3.35,2.96,20,20,80,80,0.91,0.91,"11:00 PM ET"
"2026-03-26","San Jose Sharks","St. Louis Blues","Final","St. Louis Blues","St. Louis Blues",0.4596,0.5404,"401803494","1","2","32-31-7","30-30-11",52.4,52.4,3.06,2.82,3.56,3.15,20,20,80,80,0.91,0.91,"12:00 AM ET"
"2026-03-26","New Jersey Devils","Nashville Predators","Final","New Jersey Devils","New Jersey Devils",0.5069,0.4931,"401803495","4","2","37-32-2","34-29-9",53,52.4,2.8,3.01,3.1,3.28,20,20,80,80,0.91,0.91,"12:00 AM ET"
"2026-03-26","Colorado Avalanche","Winnipeg Jets","Final","Colorado Avalanche","Colorado Avalanche",0.8008,0.1992,"401803496","3","2","48-13-10","30-30-12",73.8,50,3.68,2.82,2.48,3.17,20,20,80,80,0.91,0.91,"12:00 AM ET"
"2026-03-26","Washington Capitals","Utah Mammoth","Final","Washington Capitals","Washington Capitals",0.5087,0.4913,"401803497","7","4","36-28-9","37-30-6",57.9,56.1,3.21,3.27,2.98,2.93,20,20,80,80,0.91,0.91,"01:00 AM ET"
"2026-03-26","Anaheim Ducks","Calgary Flames","Final","Anaheim Ducks","Anaheim Ducks",0.5835,0.4165,"401803498","3","2","41-27-4","30-34-8",56.1,47,3.33,2.59,3.51,3.16,20,20,80,80,0.91,0.91,"01:00 AM ET"
"2026-03-26","Edmonton Oilers","Vegas Golden Knights","Final","Edmonton Oilers","Vegas Golden Knights",0.4536,0.5464,"401803499","4","3","36-28-9","32-26-15",56.7,57.9,3.44,3.23,3.28,3.05,20,20,80,80,0.91,0.91,"01:30 AM ET"
"2026-03-26","Los Angeles Kings","Vancouver Canucks","Final","Los Angeles Kings","Los Angeles Kings",0.7721,0.2279,"401803500","4","0","29-25-18","21-42-8",54.9,35.4,2.74,2.63,3.01,3.85,20,20,80,80,0.91,0.91,"02:00 AM ET"
"2026-03-27","Detroit Red Wings","Buffalo Sabres","Final","Detroit Red Wings","Buffalo Sabres",0.3408,0.6592,"401803501","5","2","39-25-8","44-21-8",56.1,66.5,2.94,3.51,3.15,2.94,20,20,80,80,0.91,0.91,"11:00 PM ET"
"2026-03-27","Chicago Blackhawks","New York Rangers","Final","New York Rangers","New York Rangers",0.4292,0.5708,"401803502","1","6","27-33-13","29-35-9",43.9,47,2.6,2.9,3.35,3.05,20,20,80,80,0.91,0.91,"11:00 PM ET"
"2026-03-28","Ottawa Senators","Tampa Bay Lightning","Final","Tampa Bay Lightning","Tampa Bay Lightning",0.4193,0.5807,"401803503","2","4","38-25-10","45-21-6",60.4,64.6,3.39,3.54,3,2.82,20,20,80,80,0.91,0.91,"05:00 PM ET"
"2026-03-28","Florida Panthers","New York Islanders","Final","New York Islanders","New York Islanders",0.3999,0.6001,"401803504","2","5","35-34-3","42-27-5",51.2,55.5,3.06,2.84,3.37,2.94,20,20,80,80,0.91,0.91,"05:00 PM ET"
"2026-03-28","Anaheim Ducks","Edmonton Oilers","Final","Edmonton Oilers","Edmonton Oilers",0.4655,0.5345,"401803505","2","4","41-28-4","37-28-9",56.1,56.7,3.33,3.44,3.51,3.28,20,20,80,80,0.91,0.91,"07:30 PM ET"
"2026-03-28","Minnesota Wild","Boston Bruins","Final","Boston Bruins","Minnesota Wild",0.5262,0.4738,"401803506","3","6","41-21-12","41-24-8",63.4,61,3.32,3.32,2.93,3.05,20,20,80,80,0.91,0.91,"09:00 PM ET"
"2026-03-28","Dallas Stars","Pittsburgh Penguins","Final","Dallas Stars","Dallas Stars",0.6325,0.3675,"401803507","6","3","44-18-11","36-21-16",68.3,59.8,3.4,3.57,2.76,3.27,20,20,80,80,0.91,0.91,"09:00 PM ET"
"2026-03-28","New Jersey Devils","Carolina Hurricanes","Final","Carolina Hurricanes","Carolina Hurricanes",0.2796,0.7204,"401803508","2","5","37-33-2","46-20-6",53,68.9,2.8,3.61,3.1,2.93,20,20,80,80,0.91,0.91,"09:00 PM ET"
"2026-03-28","San Jose Sharks","Columbus Blue Jackets","Final","San Jose Sharks","Columbus Blue Jackets",0.4085,0.5915,"401803509","3","2","33-31-7","38-24-11",52.4,56.1,3.06,3.09,3.56,3.09,20,20,80,80,0.91,0.91,"09:00 PM ET"
"2026-03-28","Seattle Kraken","Buffalo Sabres","Final","Buffalo Sabres","Buffalo Sabres",0.2486,0.7514,"401803510","2","3","32-29-11","45-21-8",48.2,66.5,2.76,3.51,3.21,2.94,20,20,80,80,0.91,0.91,"09:30 PM ET"
"2026-03-28","Toronto Maple Leafs","St. Louis Blues","Final","St. Louis Blues","St. Louis Blues",0.3889,0.6111,"401803511","1","5","31-30-13","31-30-11",47.6,52.4,3.09,2.82,3.65,3.15,20,20,80,80,0.91,0.91,"11:00 PM ET"
"2026-03-28","Montreal Canadiens","Nashville Predators","Final","Montreal Canadiens","Montreal Canadiens",0.655,0.345,"401803512","4","1","41-21-10","34-30-9",64.6,52.4,3.45,3.01,3.12,3.28,20,20,80,80,0.91,0.91,"11:00 PM ET"
"2026-03-28","Winnipeg Jets","Colorado Avalanche","Final","Winnipeg Jets","Colorado Avalanche",0.1817,0.8183,"401803513","4","2","31-30-12","48-14-10",50,73.8,2.82,3.68,3.17,2.48,20,20,80,80,0.91,0.91,"11:00 PM ET"
"2026-03-28","Philadelphia Flyers","Detroit Red Wings","Final","Philadelphia Flyers","Philadelphia Flyers",0.547,0.453,"401803514","5","3","36-24-12","39-26-8",59.8,56.1,3.05,2.94,2.96,3.15,20,20,80,80,0.91,0.91,"12:00 AM ET"
"2026-03-28","Utah Mammoth","Los Angeles Kings","Final","Utah Mammoth","Utah Mammoth",0.5012,0.4988,"401803515","6","2","38-30-6","29-26-18",56.1,54.9,3.27,2.74,2.93,3.01,20,20,80,80,0.91,0.91,"01:00 AM ET"
"2026-03-28","Vancouver Canucks","Calgary Flames","Final","Calgary Flames","Calgary Flames",0.2963,0.7037,"401803516","3","7","21-43-8","31-34-8",35.4,47,2.63,2.59,3.85,3.16,20,20,80,80,0.91,0.91,"02:00 AM ET"
"2026-03-28","Washington Capitals","Vegas Golden Knights","Final","Washington Capitals","Vegas Golden Knights",0.4901,0.5099,"401803517","5","4","37-28-9","32-26-16",57.9,57.9,3.21,3.23,2.98,3.05,20,20,80,80,0.91,0.91,"02:30 AM ET"
"2026-03-29","Florida Panthers","New York Rangers","Final","New York Rangers","Florida Panthers",0.5242,0.4758,"401803518","1","3","35-35-3","30-35-9",51.2,47,3.06,2.9,3.37,3.05,20,20,80,80,0.91,0.91,"05:00 PM ET"
"2026-03-29","Nashville Predators","Tampa Bay Lightning","Final","Tampa Bay Lightning","Tampa Bay Lightning",0.3059,0.6941,"401803519","2","3","34-31-9","46-21-6",52.4,64.6,3.01,3.54,3.28,2.82,20,20,80,80,0.91,0.91,"09:00 PM ET"
"2026-03-29","Montreal Canadiens","Carolina Hurricanes","Final","Montreal Canadiens","Carolina Hurricanes",0.4175,0.5825,"401803520","3","1","42-21-10","46-21-6",64.6,68.9,3.45,3.61,3.12,2.93,20,20,80,80,0.91,0.91,"09:00 PM ET"
"2026-03-29","Boston Bruins","Columbus Blue Jackets","Final","Boston Bruins","Boston Bruins",0.5537,0.4463,"401803521","4","3","42-24-8","38-24-12",61,56.1,3.32,3.09,3.05,3.09,20,20,80,80,0.91,0.91,"09:00 PM ET"
"2026-03-29","Chicago Blackhawks","New Jersey Devils","Final","New Jersey Devils","New Jersey Devils",0.3513,0.6487,"401803522","3","5","27-34-13","38-33-2",43.9,53,2.6,2.8,3.35,3.1,20,20,80,80,0.91,0.91,"11:00 PM ET"
"2026-03-29","Dallas Stars","Philadelphia Flyers","Final","Philadelphia Flyers","Dallas Stars",0.6101,0.3899,"401803523","1","2","44-18-12","37-24-12",68.3,59.8,3.4,3.05,2.76,2.96,20,20,80,80,0.91,0.91,"11:00 PM ET"
"2026-03-30","Pittsburgh Penguins","New York Islanders","Final","Pittsburgh Penguins","Pittsburgh Penguins",0.5185,0.4815,"401803524","8","3","37-21-16","42-28-5",59.8,55.5,3.57,2.84,3.27,2.94,20,20,80,80,0.91,0.91,"11:00 PM ET"
"2026-03-30","Calgary Flames","Colorado Avalanche","Final","Colorado Avalanche","Colorado Avalanche",0.1598,0.8402,"401803525","2","9","31-35-8","49-14-10",47,73.8,2.59,3.68,3.16,2.48,20,20,80,80,0.91,0.91,"12:30 AM ET"
"2026-03-30","Vancouver Canucks","Vegas Golden Knights","Final","Vegas Golden Knights","Vegas Golden Knights",0.187,0.813,"401803526","2","4","21-44-8","33-26-16",35.4,57.9,2.63,3.23,3.85,3.05,20,20,80,80,0.91,0.91,"02:00 AM ET"
"2026-03-30","Toronto Maple Leafs","Anaheim Ducks","Final","Toronto Maple Leafs","Anaheim Ducks",0.3653,0.6347,"401803527","5","4","32-30-13","41-28-5",47.6,56.1,3.09,3.33,3.65,3.51,20,20,80,80,0.91,0.91,"02:00 AM ET"
"2026-03-30","St. Louis Blues","San Jose Sharks","Final","San Jose Sharks","St. Louis Blues",0.5121,0.4879,"401803528","4","5","31-31-11","34-31-7",52.4,52.4,2.82,3.06,3.15,3.56,20,20,80,80,0.91,0.91,"02:00 AM ET"
"2026-03-31","Dallas Stars","Boston Bruins","Final","Boston Bruins","Dallas Stars",0.602,0.398,"401803529","3","6","44-19-12","43-24-8",68.3,61,3.4,3.32,2.76,3.05,20,20,80,80,0.91,0.91,"11:00 PM ET"
"2026-03-31","New York Islanders","Buffalo Sabres","Final","Buffalo Sabres","Buffalo Sabres",0.3452,0.6548,"401803530","3","4","42-29-5","46-21-8",55.5,66.5,2.84,3.51,2.94,2.94,20,20,80,80,0.91,0.91,"11:00 PM ET"
"2026-03-31","Montreal Canadiens","Tampa Bay Lightning","Final","Montreal Canadiens","Tampa Bay Lightning",0.4696,0.5304,"401803531","4","1","43-21-10","46-22-6",64.6,64.6,3.45,3.54,3.12,2.82,20,20,80,80,0.91,0.91,"11:00 PM ET"
"2026-03-31","Ottawa Senators","Florida Panthers","Final","Florida Panthers","Ottawa Senators",0.6288,0.3712,"401803532","3","6","38-26-10","36-35-3",60.4,51.2,3.39,3.06,3,3.37,20,20,80,80,0.91,0.91,"11:00 PM ET"
"2026-03-31","New Jersey Devils","New York Rangers","Final","New York Rangers","New Jersey Devils",0.5674,0.4326,"401803533","1","4","38-34-2","31-35-9",53,47,2.8,2.9,3.1,3.05,20,20,80,80,0.91,0.91,"11:00 PM ET"
"2026-03-31","Detroit Red Wings","Pittsburgh Penguins","Final","Pittsburgh Penguins","Pittsburgh Penguins",0.4484,0.5516,"401803534","1","5","39-27-8","38-21-16",56.1,59.8,2.94,3.57,3.15,3.27,20,20,80,80,0.91,0.91,"11:00 PM ET"
"2026-03-31","Philadelphia Flyers","Washington Capitals","Final","Washington Capitals","Philadelphia Flyers",0.5153,0.4847,"401803535","4","6","37-25-12","38-28-9",59.8,57.9,3.05,3.21,2.96,2.98,20,20,80,80,0.91,0.91,"11:00 PM ET"
"2026-03-31","Carolina Hurricanes","Columbus Blue Jackets","Final","Carolina Hurricanes","Carolina Hurricanes",0.6617,0.3383,"401803536","5","2","47-21-6","38-25-12",68.9,56.1,3.61,3.09,2.93,3.09,20,20,80,80,0.91,0.91,"11:30 PM ET"
"2026-03-31","Winnipeg Jets","Chicago Blackhawks","Final","Winnipeg Jets","Winnipeg Jets",0.5782,0.4218,"401803537","4","3","32-30-12","27-34-14",50,43.9,2.82,2.6,3.17,3.35,20,20,80,80,0.91,0.91,"12:30 AM ET"
"2026-03-31","Seattle Kraken","Edmonton Oilers","Final","Edmonton Oilers","Edmonton Oilers",0.3813,0.6187,"401803538","0","3","32-30-11","38-28-9",48.2,56.7,2.76,3.44,3.21,3.28,20,20,80,80,0.91,0.91,"01:00 AM ET"
"2026-04-01","Vancouver Canucks","Colorado Avalanche","Final","Vancouver Canucks","Colorado Avalanche",0.0781,0.9219,"401803539","8","6","22-44-8","49-15-10",35.4,73.8,2.63,3.68,3.85,2.48,20,20,80,80,0.91,0.91,"12:30 AM ET"
"2026-04-01","St. Louis Blues","Los Angeles Kings","Final","Los Angeles Kings","Los Angeles Kings",0.4422,0.5578,"401803540","1","2","31-31-12","30-26-18",52.4,54.9,2.82,2.74,3.15,3.01,20,20,80,80,0.91,0.91,"01:00 AM ET"
"2026-04-01","Anaheim Ducks","San Jose Sharks","Final","San Jose Sharks","Anaheim Ducks",0.5372,0.4628,"401803541","3","4","41-29-5","35-31-7",56.1,52.4,3.33,3.06,3.51,3.56,20,20,80,80,0.91,0.91,"01:00 AM ET"
"2026-04-02","Buffalo Sabres","Ottawa Senators","Final","Ottawa Senators","Buffalo Sabres",0.5725,0.4275,"401803542","1","4","46-22-8","39-26-10",66.5,60.4,3.51,3.39,2.94,3,20,20,80,80,0.91,0.91,"11:00 PM ET"
"2026-04-02","Pittsburgh Penguins","Tampa Bay Lightning","Final","Tampa Bay Lightning","Tampa Bay Lightning",0.3942,0.6058,"401803543","3","6","38-22-16","47-22-6",59.8,64.6,3.57,3.54,3.27,2.82,20,20,80,80,0.91,0.91,"11:00 PM ET"
"2026-04-02","Boston Bruins","Florida Panthers","Final","Florida Panthers","Boston Bruins",0.6346,0.3654,"401803544","1","2","43-25-8","37-35-3",61,51.2,3.32,3.06,3.05,3.37,20,20,80,80,0.91,0.91,"11:00 PM ET"
"2026-04-02","Montreal Canadiens","New York Rangers","Final","Montreal Canadiens","Montreal Canadiens",0.7078,0.2922,"401803546","3","2","44-21-10","31-36-9",64.6,47,3.45,2.9,3.12,3.05,20,20,80,80,0.91,0.91,"11:00 PM ET"
"2026-04-02","Detroit Red Wings","Philadelphia Flyers","Final","Detroit Red Wings","Philadelphia Flyers",0.4251,0.5749,"401803547","4","2","40-27-8","37-26-12",56.1,59.8,2.94,3.05,3.15,2.96,20,20,80,80,0.91,0.91,"11:00 PM ET"
"2026-04-02","Columbus Blue Jackets","Carolina Hurricanes","Final","Carolina Hurricanes","Carolina Hurricanes",0.3134,0.6866,"401803548","1","5","38-26-12","48-21-6",56.1,68.9,3.09,3.61,3.09,2.93,20,20,80,80,0.91,0.91,"11:00 PM ET"
"2026-04-02","Washington Capitals","New Jersey Devils","Final","New Jersey Devils","Washington Capitals",0.5562,0.4438,"401803545","3","7","38-29-9","39-34-2",57.9,53,3.21,2.8,2.98,3.1,20,20,80,80,0.91,0.91,"11:30 PM ET"
"2026-04-02","Winnipeg Jets","Dallas Stars","Final","Dallas Stars","Dallas Stars",0.2412,0.7588,"401803549","0","3","32-31-12","45-19-12",50,68.3,2.82,3.4,3.17,2.76,20,20,80,80,0.91,0.91,"12:00 AM ET"
"2026-04-02","Vancouver Canucks","Minnesota Wild","Final","Minnesota Wild","Minnesota Wild",0.1418,0.8582,"401803550","2","5","22-45-8","42-21-12",35.4,63.4,2.63,3.32,3.85,2.93,20,20,80,80,0.91,0.91,"12:00 AM ET"
"2026-04-02","Chicago Blackhawks","Edmonton Oilers","Final","Edmonton Oilers","Edmonton Oilers",0.321,0.679,"401803551","1","3","27-35-14","39-28-9",43.9,56.7,2.6,3.44,3.35,3.28,20,20,80,80,0.91,0.91,"01:00 AM ET"
"2026-04-02","Calgary Flames","Vegas Golden Knights","Final","Vegas Golden Knights","Vegas Golden Knights",0.3404,0.6596,"401803552","3","6","31-36-8","34-26-16",47,57.9,2.59,3.23,3.16,3.05,20,20,80,80,0.91,0.91,"02:00 AM ET"
"2026-04-02","Toronto Maple Leafs","San Jose Sharks","Final","San Jose Sharks","San Jose Sharks",0.4142,0.5858,"401803553","1","4","32-31-13","36-31-7",47.6,52.4,3.09,3.06,3.65,3.56,20,20,80,80,0.91,0.91,"02:00 AM ET"
"2026-04-02","Utah Mammoth","Seattle Kraken","Final","Utah Mammoth","Utah Mammoth",0.6048,0.3952,"401803554","6","2","39-30-6","32-31-11",56.1,48.2,3.27,2.76,2.93,3.21,20,20,80,80,0.91,0.91,"02:00 AM ET"
"2026-04-02","Nashville Predators","Los Angeles Kings","Final","Nashville Predators","Los Angeles Kings",0.4327,0.5673,"401803555","5","4","35-31-9","30-26-19",52.4,54.9,3.01,2.74,3.28,3.01,20,20,80,80,0.91,0.91,"02:30 AM ET"
"2026-04-03","Philadelphia Flyers","New York Islanders","Final","Philadelphia Flyers","Philadelphia Flyers",0.5422,0.4578,"401803556","4","1","38-26-12","42-30-5",59.8,55.5,3.05,2.84,2.96,2.94,20,20,80,80,0.91,0.91,"11:00 PM ET"
"2026-04-03","St. Louis Blues","Anaheim Ducks","Final","St. Louis Blues","Anaheim Ducks",0.4608,0.5392,"401803557","6","2","32-31-12","41-30-5",52.4,56.1,2.82,3.33,3.15,3.51,20,20,80,80,0.91,0.91,"02:00 AM ET"
"2026-04-04","Detroit Red Wings","New York Rangers","Final","New York Rangers","Detroit Red Wings",0.605,0.395,"401803558","1","4","40-28-8","32-36-9",56.1,47,2.94,2.9,3.15,3.05,20,20,80,80,0.91,0.91,"04:30 PM ET"
"2026-04-04","Minnesota Wild","Ottawa Senators","Final","Minnesota Wild","Minnesota Wild",0.5325,0.4675,"401803559","4","1","43-21-12","39-27-10",63.4,60.4,3.32,3.39,2.93,3,20,20,80,80,0.91,0.91,"05:00 PM ET"
"2026-04-04","Colorado Avalanche","Dallas Stars","Final","Colorado Avalanche","Colorado Avalanche",0.5749,0.4251,"401803560","2","0","50-15-10","45-20-12",73.8,68.3,3.68,3.4,2.48,2.76,20,20,80,80,0.91,0.91,"07:00 PM ET"
"2026-04-04","Boston Bruins","Tampa Bay Lightning","Final","Tampa Bay Lightning","Tampa Bay Lightning",0.4254,0.5746,"401803561","1","3","43-26-8","48-22-6",61,64.6,3.32,3.54,3.05,2.82,20,20,80,80,0.91,0.91,"09:00 PM ET"
"2026-04-04","Florida Panthers","Pittsburgh Penguins","Final","Pittsburgh Penguins","Pittsburgh Penguins",0.369,0.631,"401803562","4","9","37-36-3","39-22-16",51.2,59.8,3.06,3.57,3.37,3.27,20,20,80,80,0.91,0.91,"09:00 PM ET"
"2026-04-04","Montreal Canadiens","New Jersey Devils","Final","Montreal Canadiens","Montreal Canadiens",0.6357,0.3643,"401803563","4","3","45-21-10","39-34-3",64.6,53,3.45,2.8,3.12,3.1,20,20,80,80,0.91,0.91,"11:00 PM ET"
"2026-04-04","Buffalo Sabres","Washington Capitals","Final","Washington Capitals","Buffalo Sabres",0.6032,0.3968,"401803564","2","6","46-23-8","39-29-9",66.5,57.9,3.51,3.21,2.94,2.98,20,20,80,80,0.91,0.91,"11:00 PM ET"
"2026-04-04","New York Islanders","Carolina Hurricanes","Final","Carolina Hurricanes","Carolina Hurricanes",0.3161,0.6839,"401803565","3","4","42-31-5","49-21-6",55.5,68.9,2.84,3.61,2.94,2.93,20,20,80,80,0.91,0.91,"11:00 PM ET"
"2026-04-04","Winnipeg Jets","Columbus Blue Jackets","Final","Winnipeg Jets","Columbus Blue Jackets",0.4005,0.5995,"401803566","2","1","33-31-12","38-27-12",50,56.1,2.82,3.09,3.17,3.09,20,20,80,80,0.91,0.91,"11:00 PM ET"
"2026-04-04","Utah Mammoth","Vancouver Canucks","Final","Utah Mammoth","Utah Mammoth",0.7827,0.2173,"401803567","7","4","40-30-6","22-46-8",56.1,35.4,3.27,2.63,2.93,3.85,20,20,80,80,0.91,0.91,"11:00 PM ET"
"2026-04-04","Toronto Maple Leafs","Los Angeles Kings","Final","Los Angeles Kings","Los Angeles Kings",0.3481,0.6519,"401803568","6","7","32-31-14","31-26-19",47.6,54.9,3.09,2.74,3.65,3.01,20,20,80,80,0.91,0.91,"11:00 PM ET"
"2026-04-04","Vegas Golden Knights","Edmonton Oilers","Final","Vegas Golden Knights","Vegas Golden Knights",0.5182,0.4818,"401803569","5","1","35-26-16","39-29-9",57.9,56.7,3.23,3.44,3.05,3.28,20,20,80,80,0.91,0.91,"02:00 AM ET"
"2026-04-04","Calgary Flames","Anaheim Ducks","Final","Calgary Flames","Anaheim Ducks",0.3893,0.6107,"401803570","5","3","32-36-8","41-31-5",47,56.1,2.59,3.33,3.16,3.51,20,20,80,80,0.91,0.91,"02:00 AM ET"
"2026-04-04","Nashville Predators","San Jose Sharks","Final","Nashville Predators","Nashville Predators",0.5025,0.4975,"401803571","6","3","36-31-9","36-32-7",52.4,52.4,3.01,3.06,3.28,3.56,20,20,80,80,0.91,0.91,"02:00 AM ET"
"2026-04-04","Chicago Blackhawks","Seattle Kraken","Final","Chicago Blackhawks","Seattle Kraken",0.4203,0.5797,"401803572","4","2","28-35-14","32-32-11",43.9,48.2,2.6,2.76,3.35,3.21,20,20,80,80,0.91,0.91,"02:00 AM ET"
"2026-04-05","Minnesota Wild","Detroit Red Wings","Final","Minnesota Wild","Minnesota Wild",0.5949,0.4051,"401803573","5","4","44-21-12","40-29-8",63.4,56.1,3.32,2.94,2.93,3.15,20,20,80,80,0.91,0.91,"05:00 PM ET"
"2026-04-05","Florida Panthers","Pittsburgh Penguins","Final","Pittsburgh Penguins","Pittsburgh Penguins",0.369,0.631,"401803574","2","5","37-37-3","40-22-16",51.2,59.8,3.06,3.57,3.37,3.27,20,20,80,80,0.91,0.91,"07:00 PM ET"
"2026-04-05","Boston Bruins","Philadelphia Flyers","Final","Philadelphia Flyers","Philadelphia Flyers",0.4943,0.5057,"401803575","1","2","43-26-9","39-26-12",61,59.8,3.32,3.05,3.05,2.96,20,20,80,80,0.91,0.91,"07:30 PM ET"
"2026-04-05","Carolina Hurricanes","Ottawa Senators","Final","Ottawa Senators","Carolina Hurricanes",0.6044,0.3956,"401803576","3","6","49-22-6","40-27-10",68.9,60.4,3.61,3.39,2.93,3,20,20,80,80,0.91,0.91,"09:00 PM ET"
"2026-04-05","New Jersey Devils","Montreal Canadiens","Final","New Jersey Devils","Montreal Canadiens",0.3385,0.6615,"401803577","3","0","40-34-3","45-22-10",53,64.6,2.8,3.45,3.1,3.12,20,20,80,80,0.91,0.91,"11:00 PM ET"
"2026-04-05","Washington Capitals","New York Rangers","Final","New York Rangers","Washington Capitals",0.635,0.365,"401803578","1","8","39-30-9","33-36-9",57.9,47,3.21,2.9,2.98,3.05,20,20,80,80,0.91,0.91,"11:00 PM ET"
"2026-04-05","St. Louis Blues","Colorado Avalanche","Final","St. Louis Blues","Colorado Avalanche",0.2032,0.7968,"401803579","3","2","33-31-12","50-16-10",52.4,73.8,2.82,3.68,3.15,2.48,20,20,80,80,0.91,0.91,"01:45 AM ET"
"2026-04-06","Tampa Bay Lightning","Buffalo Sabres","Final","Buffalo Sabres","Buffalo Sabres",0.4659,0.5341,"401803580","2","4","48-23-6","47-23-8",64.6,66.5,3.54,3.51,2.82,2.94,20,20,80,80,0.91,0.91,"11:00 PM ET"
"2026-04-06","Seattle Kraken","Winnipeg Jets","Final","Winnipeg Jets","Winnipeg Jets",0.4592,0.5408,"401803581","2","6","32-33-11","34-31-12",48.2,50,2.76,2.82,3.21,3.17,20,20,80,80,0.91,0.91,"11:30 PM ET"
"2026-04-06","Chicago Blackhawks","San Jose Sharks","Final","San Jose Sharks","San Jose Sharks",0.3865,0.6135,"401803582","2","3","28-36-14","37-32-7",43.9,52.4,2.6,3.06,3.35,3.56,20,20,80,80,0.91,0.91,"02:00 AM ET"
"2026-04-06","Nashville Predators","Los Angeles Kings","Final","Los Angeles Kings","Los Angeles Kings",0.4327,0.5673,"401803583","2","3","36-31-10","32-26-19",52.4,54.9,3.01,2.74,3.28,3.01,20,20,80,80,0.91,0.91,"02:30 AM ET"
"2026-04-07","Florida Panthers","Montreal Canadiens","Final","Montreal Canadiens","Montreal Canadiens",0.3006,0.6994,"401803584","3","4","37-37-4","46-22-10",51.2,64.6,3.06,3.45,3.37,3.12,20,20,80,80,0.91,0.91,"11:00 PM ET"
"2026-04-07","Tampa Bay Lightning","Ottawa Senators","Final","Ottawa Senators","Tampa Bay Lightning",0.5529,0.4471,"401803585","2","6","48-24-6","41-27-10",64.6,60.4,3.54,3.39,2.82,3,20,20,80,80,0.91,0.91,"11:00 PM ET"
"2026-04-07","Columbus Blue Jackets","Detroit Red Wings","Final","Columbus Blue Jackets","Detroit Red Wings",0.4876,0.5124,"401803586","4","3","39-27-12","40-29-9",56.1,56.1,3.09,2.94,3.09,3.15,20,20,80,80,0.91,0.91,"11:00 PM ET"
"2026-04-07","Philadelphia Flyers","New Jersey Devils","Final","Philadelphia Flyers","Philadelphia Flyers",0.5851,0.4149,"401803587","5","1","40-26-12","40-35-3",59.8,53,3.05,2.8,2.96,3.1,20,20,80,80,0.91,0.91,"11:00 PM ET"
"2026-04-07","Boston Bruins","Carolina Hurricanes","Final","Carolina Hurricanes","Carolina Hurricanes",0.3747,0.6253,"401803588","5","6","43-26-10","50-22-6",61,68.9,3.32,3.61,3.05,2.93,20,20,80,80,0.91,0.91,"11:00 PM ET"
"2026-04-07","Colorado Avalanche","St. Louis Blues","Final","Colorado Avalanche","Colorado Avalanche",0.7778,0.2222,"401803589","3","1","51-16-10","33-32-12",73.8,52.4,3.68,2.82,2.48,3.15,20,20,80,80,0.91,0.91,"12:00 AM ET"
"2026-04-07","Calgary Flames","Dallas Stars","Final","Dallas Stars","Dallas Stars",0.214,0.786,"401803590","3","4","32-36-9","46-20-12",47,68.3,2.59,3.4,3.16,2.76,20,20,80,80,0.91,0.91,"12:00 AM ET"
"2026-04-07","Seattle Kraken","Minnesota Wild","Final","Minnesota Wild","Minnesota Wild",0.2801,0.7199,"401803591","2","5","32-34-11","45-21-12",48.2,63.4,2.76,3.32,3.21,2.93,20,20,80,80,0.91,0.91,"12:00 AM ET"
"2026-04-07","Edmonton Oilers","Utah Mammoth","Final","Utah Mammoth","Utah Mammoth",0.4721,0.5279,"401803592","5","6","39-29-10","41-30-6",56.7,56.1,3.44,3.27,3.28,2.93,20,20,80,80,0.91,0.91,"01:30 AM ET"
"2026-04-07","Vegas Golden Knights","Vancouver Canucks","Final","Vegas Golden Knights","Vegas Golden Knights",0.7951,0.2049,"401803593","2","1","36-26-16","22-47-8",57.9,35.4,3.23,2.63,3.05,3.85,20,20,80,80,0.91,0.91,"02:00 AM ET"
"2026-04-07","Nashville Predators","Anaheim Ducks","Final","Nashville Predators","Anaheim Ducks",0.4512,0.5488,"401803594","5","0","37-31-10","41-32-5",52.4,56.1,3.01,3.33,3.28,3.51,20,20,80,80,0.91,0.91,"02:00 AM ET"
"2026-04-08","Buffalo Sabres","New York Rangers","Final","Buffalo Sabres","Buffalo Sabres",0.7368,0.2632,"401803595","5","3","48-23-8","33-37-9",66.5,47,3.51,2.9,2.94,3.05,20,20,80,80,0.91,0.91,"11:00 PM ET"
"2026-04-08","Washington Capitals","Toronto Maple Leafs","Final","Washington Capitals","Washington Capitals",0.6608,0.3392,"401803596","4","0","40-30-9","32-32-14",57.9,47.6,3.21,3.09,2.98,3.65,20,20,80,80,0.91,0.91,"11:30 PM ET"
"2026-04-08","Edmonton Oilers","San Jose Sharks","Final","Edmonton Oilers","Edmonton Oilers",0.5574,0.4426,"401803597","5","2","40-29-10","37-33-7",56.7,52.4,3.44,3.06,3.28,3.56,20,20,80,80,0.91,0.91,"02:00 AM ET"
"2026-04-09","Toronto Maple Leafs","New York Islanders","Final","New York Islanders","New York Islanders",0.3379,0.6621,"401803603","3","5","32-33-14","43-31-5",47.6,55.5,3.09,2.84,3.65,2.94,20,20,80,80,0.91,0.91,"10:45 PM ET"
"2026-04-09","Columbus Blue Jackets","Buffalo Sabres","Final","Buffalo Sabres","Buffalo Sabres",0.3424,0.6576,"401803598","0","5","39-28-12","49-23-8",56.1,66.5,3.09,3.51,3.09,2.94,20,20,80,80,0.91,0.91,"11:00 PM ET"
"2026-04-09","Tampa Bay Lightning","Montreal Canadiens","Final","Montreal Canadiens","Tampa Bay Lightning",0.5021,0.4979,"401803599","1","2","48-25-6","47-22-10",64.6,64.6,3.54,3.45,2.82,3.12,20,20,80,80,0.91,0.91,"11:00 PM ET"
"2026-04-09","Florida Panthers","Ottawa Senators","Final","Ottawa Senators","Ottawa Senators",0.3451,0.6549,"401803600","1","5","37-38-4","42-27-10",51.2,60.4,3.06,3.39,3.37,3,20,20,80,80,0.91,0.91,"11:00 PM ET"
"2026-04-09","Philadelphia Flyers","Detroit Red Wings","Final","Detroit Red Wings","Philadelphia Flyers",0.547,0.453,"401803601","3","6","40-27-12","41-29-9",59.8,56.1,3.05,2.94,2.96,3.15,20,20,80,80,0.91,0.91,"11:00 PM ET"
"2026-04-09","Pittsburgh Penguins","New Jersey Devils","Final","Pittsburgh Penguins","Pittsburgh Penguins",0.5619,0.4381,"401803602","5","2","41-22-16","40-36-3",59.8,53,3.57,2.8,3.27,3.1,20,20,80,80,0.91,0.91,"11:00 PM ET"
"2026-04-09","Winnipeg Jets","St. Louis Blues","Final","Winnipeg Jets","St. Louis Blues",0.4513,0.5487,"401803604","3","2","35-31-12","33-33-12",50,52.4,2.82,2.82,3.17,3.15,20,20,80,80,0.91,0.91,"12:00 AM ET"
"2026-04-09","Carolina Hurricanes","Chicago Blackhawks","Final","Carolina Hurricanes","Carolina Hurricanes",0.8005,0.1995,"401803606","7","2","51-22-6","28-37-14",68.9,43.9,3.61,2.6,2.93,3.35,20,20,80,80,0.91,0.91,"12:30 AM ET"
"2026-04-09","Minnesota Wild","Dallas Stars","Final","Dallas Stars","Dallas Stars",0.4096,0.5904,"401803605","4","5","45-22-12","47-20-12",63.4,68.3,3.32,3.4,2.93,2.76,20,20,80,80,0.91,0.91,"01:00 AM ET"
"2026-04-09","Calgary Flames","Colorado Avalanche","Final","Colorado Avalanche","Colorado Avalanche",0.1598,0.8402,"401803607","1","3","32-37-9","52-16-10",47,73.8,2.59,3.68,3.16,2.48,20,20,80,80,0.91,0.91,"01:00 AM ET"
"2026-04-09","Nashville Predators","Utah Mammoth","Final","Utah Mammoth","Utah Mammoth",0.4177,0.5823,"401803608","1","4","37-32-10","42-30-6",52.4,56.1,3.01,3.27,3.28,2.93,20,20,80,80,0.91,0.91,"01:00 AM ET"
"2026-04-09","San Jose Sharks","Anaheim Ducks","Final","Anaheim Ducks","Anaheim Ducks",0.4348,0.5652,"401803609","1","6","37-34-7","42-32-5",52.4,56.1,3.06,3.33,3.56,3.51,20,20,80,80,0.91,0.91,"02:00 AM ET"
"2026-04-09","Vegas Golden Knights","Seattle Kraken","Final","Seattle Kraken","Vegas Golden Knights",0.6225,0.3775,"401803610","3","4","36-26-17","33-34-11",57.9,48.2,3.23,2.76,3.05,3.21,20,20,80,80,0.91,0.91,"02:00 AM ET"
"2026-04-09","Vancouver Canucks","Los Angeles Kings","Final","Los Angeles Kings","Los Angeles Kings",0.2086,0.7914,"401803611","1","4","22-48-8","33-26-19",35.4,54.9,2.63,2.74,3.85,3.01,20,20,80,80,0.91,0.91,"02:30 AM ET"
"2026-04-11","Tampa Bay Lightning","Boston Bruins","Final","Tampa Bay Lightning","Tampa Bay Lightning",0.5467,0.4533,"401803612","2","1","49-25-6","43-27-10",64.6,61,3.54,3.32,2.82,3.05,20,20,80,80,0.91,0.91,"04:30 PM ET"
"2026-04-11","Ottawa Senators","New York Islanders","Final","Ottawa Senators","Ottawa Senators",0.5444,0.4556,"401803613","3","0","43-27-10","43-32-5",60.4,55.5,3.39,2.84,3,2.94,20,20,80,80,0.91,0.91,"05:00 PM ET"
"2026-04-11","Washington Capitals","Pittsburgh Penguins","Final","Washington Capitals","Pittsburgh Penguins",0.4801,0.5199,"401803614","6","3","41-30-9","41-23-16",57.9,59.8,3.21,3.57,2.98,3.27,20,20,80,80,0.91,0.91,"07:00 PM ET"
"2026-04-11","Edmonton Oilers","Los Angeles Kings","Final","Los Angeles Kings","Los Angeles Kings",0.4875,0.5125,"401803615","0","1","40-30-10","34-26-19",56.7,54.9,3.44,2.74,3.28,3.01,20,20,80,80,0.91,0.91,"08:00 PM ET"
"2026-04-11","New Jersey Devils","Detroit Red Wings","Final","New Jersey Devils","Detroit Red Wings",0.4472,0.5528,"401803616","5","3","41-36-3","41-30-9",53,56.1,2.8,2.94,3.1,3.15,20,20,80,80,0.91,0.91,"09:00 PM ET"
"2026-04-11","St. Louis Blues","Chicago Blackhawks","Final","St. Louis Blues","St. Louis Blues",0.6115,0.3885,"401803617","5","3","34-33-12","28-38-14",52.4,43.9,2.82,2.6,3.15,3.35,20,20,80,80,0.91,0.91,"09:00 PM ET"
"2026-04-11","Minnesota Wild","Nashville Predators","Final","Nashville Predators","Minnesota Wild",0.6511,0.3489,"401803618","1","2","45-23-12","38-32-10",63.4,52.4,3.32,3.01,2.93,3.28,20,20,80,80,0.91,0.91,"09:00 PM ET"
"2026-04-11","New York Rangers","Dallas Stars","Final","Dallas Stars","Dallas Stars",0.2159,0.7841,"401803619","0","2","33-38-9","48-20-12",47,68.3,2.9,3.4,3.05,2.76,20,20,80,80,0.91,0.91,"09:00 PM ET"
"2026-04-11","Carolina Hurricanes","Utah Mammoth","Final","Carolina Hurricanes","Carolina Hurricanes",0.6553,0.3447,"401803620","4","1","52-22-6","42-31-6",68.9,56.1,3.61,3.27,2.93,2.93,20,20,80,80,0.91,0.91,"09:00 PM ET"
"2026-04-11","Florida Panthers","Toronto Maple Leafs","Final","Florida Panthers","Florida Panthers",0.5523,0.4477,"401803621","6","2","38-38-4","32-34-14",51.2,47.6,3.06,3.09,3.37,3.65,20,20,80,80,0.91,0.91,"11:00 PM ET"
"2026-04-11","Columbus Blue Jackets","Montreal Canadiens","Final","Columbus Blue Jackets","Montreal Canadiens",0.3757,0.6243,"401803622","5","2","40-28-12","47-23-10",56.1,64.6,3.09,3.45,3.09,3.12,20,20,80,80,0.91,0.91,"11:00 PM ET"
"2026-04-11","Philadelphia Flyers","Winnipeg Jets","Final","Philadelphia Flyers","Philadelphia Flyers",0.6291,0.3709,"401803623","7","1","41-27-12","35-32-12",59.8,50,3.05,2.82,2.96,3.17,20,20,80,80,0.91,0.91,"11:00 PM ET"
"2026-04-11","Calgary Flames","Seattle Kraken","Final","Seattle Kraken","Seattle Kraken",0.4739,0.5261,"401803624","1","4","32-38-9","34-34-11",47,48.2,2.59,2.76,3.16,3.21,20,20,80,80,0.91,0.91,"11:00 PM ET"
"2026-04-11","Vegas Golden Knights","Colorado Avalanche","Final","Vegas Golden Knights","Colorado Avalanche",0.2583,0.7417,"401803625","3","2","37-26-17","52-16-11",57.9,73.8,3.23,3.68,3.05,2.48,20,20,80,80,0.91,0.91,"12:00 AM ET"
"2026-04-11","Vancouver Canucks","San Jose Sharks","Final","Vancouver Canucks","San Jose Sharks",0.2587,0.7413,"401803626","4","3","23-48-8","37-34-8",35.4,52.4,2.63,3.06,3.85,3.56,20,20,80,80,0.91,0.91,"02:00 AM ET"
"2026-04-12","Pittsburgh Penguins","Washington Capitals","Final","Washington Capitals","Washington Capitals",0.4916,0.5084,"401803627","0","3","41-24-16","42-30-9",59.8,57.9,3.57,3.21,3.27,2.98,20,20,80,80,0.91,0.91,"07:00 PM ET"
"2026-04-12","Montreal Canadiens","New York Islanders","Final","Montreal Canadiens","Montreal Canadiens",0.5944,0.4056,"401803628","4","1","48-23-10","43-33-5",64.6,55.5,3.45,2.84,3.12,2.94,20,20,80,80,0.91,0.91,"10:00 PM ET"
"2026-04-12","Boston Bruins","Columbus Blue Jackets","Final","Boston Bruins","Boston Bruins",0.5537,0.4463,"401803629","3","2","44-27-10","40-29-12",61,56.1,3.32,3.09,3.05,3.09,20,20,80,80,0.91,0.91,"10:00 PM ET"
"2026-04-12","Ottawa Senators","New Jersey Devils","Final","New Jersey Devils","Ottawa Senators",0.5872,0.4128,"401803630","3","4","43-27-11","42-36-3",60.4,53,3.39,2.8,3,3.1,20,20,80,80,0.91,0.91,"11:00 PM ET"
"2026-04-12","Vancouver Canucks","Anaheim Ducks","Final","Vancouver Canucks","Anaheim Ducks",0.2212,0.7788,"401803631","4","3","24-48-8","42-32-6",35.4,56.1,2.63,3.33,3.85,3.51,20,20,80,80,0.91,0.91,"12:00 AM ET"
"2026-04-12","Utah Mammoth","Calgary Flames","Final","Calgary Flames","Utah Mammoth",0.6162,0.3838,"401803632","1","4","42-32-6","33-38-9",56.1,47,3.27,2.59,2.93,3.16,20,20,80,80,0.91,0.91,"01:00 AM ET"
"2026-04-13","Detroit Red Wings","Tampa Bay Lightning","Final","Tampa Bay Lightning","Tampa Bay Lightning",0.359,0.641,"401803633","3","4","41-30-10","50-25-6",56.1,64.6,2.94,3.54,3.15,2.82,20,20,80,80,0.91,0.91,"11:00 PM ET"
"2026-04-13","New York Rangers","Florida Panthers","Final","Florida Panthers","Florida Panthers",0.4476,0.5524,"401803634","2","3","33-39-9","39-38-4",47,51.2,2.9,3.06,3.05,3.37,20,20,80,80,0.91,0.91,"11:00 PM ET"
"2026-04-13","Carolina Hurricanes","Philadelphia Flyers","Final","Philadelphia Flyers","Carolina Hurricanes",0.6065,0.3935,"401803635","2","3","52-22-7","42-27-12",68.9,59.8,3.61,3.05,2.93,2.96,20,20,80,80,0.91,0.91,"11:00 PM ET"
"2026-04-13","Dallas Stars","Toronto Maple Leafs","Final","Dallas Stars","Dallas Stars",0.7841,0.2159,"401803636","6","5","49-20-12","32-35-14",68.3,47.6,3.4,3.09,2.76,3.65,20,20,80,80,0.91,0.91,"11:30 PM ET"
"2026-04-13","Minnesota Wild","St. Louis Blues","Final","St. Louis Blues","Minnesota Wild",0.6423,0.3577,"401803637","3","6","45-24-12","35-33-12",63.4,52.4,3.32,2.82,2.93,3.15,20,20,80,80,0.91,0.91,"12:00 AM ET"
"2026-04-13","San Jose Sharks","Nashville Predators","Final","San Jose Sharks","Nashville Predators",0.4692,0.5308,"401803638","3","2","38-34-8","38-33-10",52.4,52.4,3.06,3.01,3.56,3.28,20,20,80,80,0.91,0.91,"12:00 AM ET"
"2026-04-13","Buffalo Sabres","Chicago Blackhawks","Final","Buffalo Sabres","Buffalo Sabres",0.7786,0.2214,"401803639","5","1","50-23-8","28-39-14",66.5,43.9,3.51,2.6,2.94,3.35,20,20,80,80,0.91,0.91,"12:30 AM ET"
"2026-04-13","Colorado Avalanche","Edmonton Oilers","Final","Colorado Avalanche","Colorado Avalanche",0.7448,0.2552,"401803640","2","1","53-16-11","40-30-11",73.8,56.7,3.68,3.44,2.48,3.28,20,20,80,80,0.91,0.91,"01:30 AM ET"
"2026-04-13","Los Angeles Kings","Seattle Kraken","Final","Los Angeles Kings","Los Angeles Kings",0.5901,0.4099,"401803642","5","3","35-26-19","34-35-11",54.9,48.2,2.74,2.76,3.01,3.21,20,20,80,80,0.91,0.91,"01:30 AM ET"
"2026-04-13","Winnipeg Jets","Vegas Golden Knights","Final","Vegas Golden Knights","Vegas Golden Knights",0.376,0.624,"401803641","2","6","35-33-12","38-26-17",50,57.9,2.82,3.23,3.17,3.05,20,20,80,80,0.91,0.91,"02:00 AM ET"
"2026-04-14","New Jersey Devils","Boston Bruins","Final","Boston Bruins","Boston Bruins",0.3796,0.6204,"401803643","0","4","42-37-3","45-27-10",53,61,2.8,3.32,3.1,3.05,20,20,80,80,0.91,0.91,"11:00 PM ET"
"2026-04-14","Carolina Hurricanes","New York Islanders","Final","Carolina Hurricanes","Carolina Hurricanes",0.6589,0.3411,"401803644","2","1","53-22-7","43-34-5",68.9,55.5,3.61,2.84,2.93,2.94,20,20,80,80,0.91,0.91,"11:00 PM ET"
"2026-04-14","Montreal Canadiens","Philadelphia Flyers","Final","Philadelphia Flyers","Montreal Canadiens",0.539,0.461,"401803645","2","4","48-24-10","43-27-12",64.6,59.8,3.45,3.05,3.12,2.96,20,20,80,80,0.91,0.91,"11:00 PM ET"
"2026-04-14","Washington Capitals","Columbus Blue Jackets","Final","Washington Capitals","Washington Capitals",0.5159,0.4841,"401803646","2","1","43-30-9","40-30-12",57.9,56.1,3.21,3.09,2.98,3.09,20,20,80,80,0.91,0.91,"11:00 PM ET"
"2026-04-14","Anaheim Ducks","Minnesota Wild","Final","Minnesota Wild","Minnesota Wild",0.3548,0.6452,"401803647","2","3","42-33-6","46-24-12",56.1,63.4,3.33,3.32,3.51,2.93,20,20,80,80,0.91,0.91,"12:00 AM ET"
"2026-04-14","Winnipeg Jets","Utah Mammoth","Final","Utah Mammoth","Utah Mammoth",0.3936,0.6064,"401803648","3","5","35-34-12","43-32-6",50,56.1,2.82,3.27,3.17,2.93,20,20,80,80,0.91,0.91,"01:00 AM ET"
"2026-04-14","Colorado Avalanche","Calgary Flames","Final","Colorado Avalanche","Colorado Avalanche",0.8244,0.1756,"401803649","3","1","54-16-11","33-39-9",73.8,47,3.68,2.59,2.48,3.16,20,20,80,80,0.91,0.91,"01:00 AM ET"
"2026-04-14","Pittsburgh Penguins","St. Louis Blues","Final","St. Louis Blues","Pittsburgh Penguins",0.5731,0.4269,"401803650","5","7","41-25-16","36-33-12",59.8,52.4,3.57,2.82,3.27,3.15,20,20,80,80,0.91,0.91,"01:30 AM ET"
"2026-04-14","Los Angeles Kings","Vancouver Canucks","Final","Vancouver Canucks","Los Angeles Kings",0.7721,0.2279,"401803651","3","4","35-26-20","25-48-8",54.9,35.4,2.74,2.63,3.01,3.85,20,20,80,80,0.91,0.91,"02:00 AM ET"
"2026-04-15","Dallas Stars","Buffalo Sabres","Final","Dallas Stars","Dallas Stars",0.5225,0.4775,"401803652","4","3","50-20-12","50-23-9",68.3,66.5,3.4,3.51,2.76,2.94,20,20,80,80,0.91,0.91,"11:00 PM ET"
"2026-04-15","New York Rangers","Tampa Bay Lightning","Final","New York Rangers","Tampa Bay Lightning",0.2567,0.7433,"401803653","4","2","34-39-9","50-26-6",47,64.6,2.9,3.54,3.05,2.82,20,20,80,80,0.91,0.91,"11:00 PM ET"
"2026-04-15","Detroit Red Wings","Florida Panthers","Final","Florida Panthers","Detroit Red Wings",0.5678,0.4322,"401803654","1","8","41-31-10","40-38-4",56.1,51.2,2.94,3.06,3.15,3.37,20,20,80,80,0.91,0.91,"11:00 PM ET"
"2026-04-15","Toronto Maple Leafs","Ottawa Senators","Final","Ottawa Senators","Ottawa Senators",0.2876,0.7124,"401803655","1","3","32-36-14","44-27-11",47.6,60.4,3.09,3.39,3.65,3,20,20,80,80,0.91,0.91,"11:30 PM ET"
"2026-04-15","San Jose Sharks","Chicago Blackhawks","Final","Chicago Blackhawks","San Jose Sharks",0.5862,0.4138,"401803656","2","5","38-35-8","29-39-14",52.4,43.9,3.06,2.6,3.56,3.35,20,20,80,80,0.91,0.91,"12:30 AM ET"
"2026-04-15","Seattle Kraken","Vegas Golden Knights","Final","Vegas Golden Knights","Vegas Golden Knights",0.3512,0.6488,"401803657","1","4","34-36-11","39-26-17",48.2,57.9,2.76,3.23,3.21,3.05,20,20,80,80,0.91,0.91,"02:00 AM ET"
"2026-04-16","St. Louis Blues","Utah Mammoth","Final","St. Louis Blues","Utah Mammoth",0.4272,0.5728,"401803660","5","3","37-33-12","43-33-6",52.4,56.1,2.82,3.27,3.15,2.93,20,20,80,80,0.91,0.91,"11:30 PM ET"
"2026-04-16","Anaheim Ducks","Nashville Predators","Final","Anaheim Ducks","Anaheim Ducks",0.5206,0.4794,"401803658","5","4","43-33-6","38-34-10",56.1,52.4,3.33,3.01,3.51,3.28,20,20,80,80,0.91,0.91,"12:00 AM ET"
"2026-04-16","San Jose Sharks","Winnipeg Jets","Final","San Jose Sharks","Winnipeg Jets",0.4941,0.5059,"401803659","6","1","39-35-8","35-35-12",52.4,50,3.06,2.82,3.56,3.17,20,20,80,80,0.91,0.91,"12:00 AM ET"
"2026-04-16","Los Angeles Kings","Calgary Flames","Final","Calgary Flames","Los Angeles Kings",0.6016,0.3984,"401803661","1","3","35-27-20","34-39-9",54.9,47,2.74,2.59,3.01,3.16,20,20,80,80,0.91,0.91,"01:00 AM ET"
"2026-04-16","Vancouver Canucks","Edmonton Oilers","Final","Edmonton Oilers","Edmonton Oilers",0.2075,0.7925,"401803662","1","6","25-49-8","41-30-11",35.4,56.7,2.63,3.44,3.85,3.28,20,20,80,80,0.91,0.91,"01:00 AM ET"
"2026-04-16","Seattle Kraken","Colorado Avalanche","Final","Colorado Avalanche","Colorado Avalanche",0.1663,0.8337,"401803663","0","2","34-37-11","55-16-11",48.2,73.8,2.76,3.68,3.21,2.48,20,20,80,80,0.91,0.91,"02:00 AM ET"
"2026-04-18","Ottawa Senators","Carolina Hurricanes","Final","Carolina Hurricanes","Carolina Hurricanes",0.3688,0.6312,"401869715","0","2","44-27-11","53-22-7",60.4,68.9,3.39,3.61,3,2.93,20,20,80,80,0.91,0.91,"07:00 PM ET"
"2026-04-18","Minnesota Wild","Dallas Stars","Final","Minnesota Wild","Dallas Stars",0.4096,0.5904,"401869716","6","1","46-24-12","50-20-12",63.4,68.3,3.32,3.4,2.93,2.76,20,20,80,80,0.91,0.91,"09:30 PM ET"
"2026-04-18","Philadelphia Flyers","Pittsburgh Penguins","Final","Philadelphia Flyers","Philadelphia Flyers",0.5096,0.4904,"401869717","3","2","43-27-12","41-25-16",59.8,59.8,3.05,3.57,2.96,3.27,20,20,80,80,0.91,0.91,"12:00 AM ET"
"2026-04-19","Los Angeles Kings","Colorado Avalanche","Final","Colorado Avalanche","Colorado Avalanche",0.2331,0.7669,"401869721","1","2","35-27-20","55-16-11",54.9,73.8,2.74,3.68,3.01,2.48,20,20,80,80,0.91,0.91,"07:00 PM ET"
"2026-04-19","Montreal Canadiens","Tampa Bay Lightning","Final","Montreal Canadiens","Tampa Bay Lightning",0.4696,0.5304,"401869718","4","3","48-24-10","50-26-6",64.6,64.6,3.45,3.54,3.12,2.82,20,20,80,80,0.91,0.91,"09:45 PM ET"
"2026-04-19","Boston Bruins","Buffalo Sabres","Final","Buffalo Sabres","Buffalo Sabres",0.406,0.594,"401869719","3","4","45-27-10","50-23-9",61,66.5,3.32,3.51,3.05,2.94,20,20,80,80,0.91,0.91,"11:30 PM ET"
"2026-04-19","Utah Mammoth","Vegas Golden Knights","Final","Vegas Golden Knights","Vegas Golden Knights",0.4672,0.5328,"401869720","2","4","43-33-6","39-26-17",56.1,57.9,3.27,3.23,2.93,3.05,20,20,80,80,0.91,0.91,"02:22 AM ET"
"2026-04-20","Philadelphia Flyers","Pittsburgh Penguins","Final","Philadelphia Flyers","Philadelphia Flyers",0.5096,0.4904,"401869794","3","0","43-27-12","41-25-16",59.8,59.8,3.05,3.57,2.96,3.27,20,20,80,80,0.91,0.91,"11:00 PM ET"
"2026-04-20","Ottawa Senators","Carolina Hurricanes","Final","Carolina Hurricanes","Carolina Hurricanes",0.3688,0.6312,"401869781","2","3","44-27-11","53-22-7",60.4,68.9,3.39,3.61,3,2.93,20,20,80,80,0.91,0.91,"11:30 PM ET"
"2026-04-20","Minnesota Wild","Dallas Stars","Final","Dallas Stars","Dallas Stars",0.4096,0.5904,"401869780","2","4","46-24-12","50-20-12",63.4,68.3,3.32,3.4,2.93,2.76,20,20,80,80,0.91,0.91,"01:50 AM ET"
"2026-04-20","Anaheim Ducks","Edmonton Oilers","Final","Edmonton Oilers","Edmonton Oilers",0.4655,0.5345,"401869722","3","4","43-33-6","41-30-11",56.1,56.7,3.33,3.44,3.51,3.28,20,20,80,80,0.91,0.91,"02:22 AM ET"
"2026-04-21","Montreal Canadiens","Tampa Bay Lightning","Final","Tampa Bay Lightning","Tampa Bay Lightning",0.4696,0.5304,"401869769","2","3","48-24-10","50-26-6",64.6,64.6,3.45,3.54,3.12,2.82,20,20,80,80,0.91,0.91,"11:00 PM ET"
"2026-04-21","Boston Bruins","Buffalo Sabres","Final","Boston Bruins","Buffalo Sabres",0.406,0.594,"401869757","4","2","45-27-10","50-23-9",61,66.5,3.32,3.51,3.05,2.94,20,20,80,80,0.91,0.91,"11:30 PM ET"
"2026-04-21","Utah Mammoth","Vegas Golden Knights","Final","Utah Mammoth","Vegas Golden Knights",0.4672,0.5328,"401869756","3","2","43-33-6","39-26-17",56.1,57.9,3.27,3.23,2.93,3.05,20,20,80,80,0.91,0.91,"01:52 AM ET"
"2026-04-21","Los Angeles Kings","Colorado Avalanche","Final","Colorado Avalanche","Colorado Avalanche",0.2331,0.7669,"401869792","1","2","35-27-20","55-16-11",54.9,73.8,2.74,3.68,3.01,2.48,20,20,80,80,0.91,0.91,"02:22 AM ET"
"2026-04-22","Pittsburgh Penguins","Philadelphia Flyers","Final","Philadelphia Flyers","Philadelphia Flyers",0.4621,0.5379,"401869796","2","5","41-25-16","43-27-12",59.8,59.8,3.57,3.05,3.27,2.96,20,20,80,80,0.91,0.91,"11:00 PM ET"
"2026-04-22","Dallas Stars","Minnesota Wild","Final","Dallas Stars","Dallas Stars",0.5627,0.4373,"401869782","4","3","50-20-12","46-24-12",68.3,63.4,3.4,3.32,2.76,2.93,20,20,80,80,0.91,0.91,"01:30 AM ET"
"2026-04-22","Anaheim Ducks","Edmonton Oilers","Final","Anaheim Ducks","Edmonton Oilers",0.4655,0.5345,"401869768","6","4","43-33-6","41-30-11",56.1,56.7,3.33,3.44,3.51,3.28,20,20,80,80,0.91,0.91,"02:00 AM ET"
"2026-04-23","Buffalo Sabres","Boston Bruins","Final","Buffalo Sabres","Buffalo Sabres",0.5663,0.4337,"401869759","3","1","50-23-9","45-27-10",66.5,61,3.51,3.32,2.94,3.05,20,20,80,80,0.91,0.91,"11:00 PM ET"
"2026-04-23","Carolina Hurricanes","Ottawa Senators","Final","Carolina Hurricanes","Carolina Hurricanes",0.6044,0.3956,"401869783","2","1","53-22-7","44-27-11",68.9,60.4,3.61,3.39,2.93,3,20,20,80,80,0.91,0.91,"11:30 PM ET"
"2026-04-23","Colorado Avalanche","Los Angeles Kings","Final","Colorado Avalanche","Colorado Avalanche",0.746,0.254,"401869793","4","2","55-16-11","35-27-20",73.8,54.9,3.68,2.74,2.48,3.01,20,20,80,80,0.91,0.91,"02:00 AM ET"
"2026-04-24","Tampa Bay Lightning","Montreal Canadiens","Final","Montreal Canadiens","Tampa Bay Lightning",0.5021,0.4979,"401869771","2","3","50-26-6","48-24-10",64.6,64.6,3.54,3.45,2.82,3.12,20,20,80,80,0.91,0.91,"11:00 PM ET"
"2026-04-24","Vegas Golden Knights","Utah Mammoth","Final","Utah Mammoth","Vegas Golden Knights",0.5045,0.4955,"401869758","2","4","39-26-17","43-33-6",57.9,56.1,3.23,3.27,3.05,2.93,20,20,80,80,0.91,0.91,"01:30 AM ET"
"2026-04-24","Edmonton Oilers","Anaheim Ducks","Final","Anaheim Ducks","Edmonton Oilers",0.5062,0.4938,"401869770","4","7","41-30-11","43-33-6",56.7,56.1,3.44,3.33,3.28,3.51,20,20,80,80,0.91,0.91,"02:00 AM ET"
"2026-04-25","Carolina Hurricanes","Ottawa Senators","Final","Carolina Hurricanes","Carolina Hurricanes",0.6044,0.3956,"401869786","4","2","53-22-7","44-27-11",68.9,60.4,3.61,3.39,2.93,3,20,20,80,80,0.91,0.91,"07:00 PM ET"
"2026-04-25","Dallas Stars","Minnesota Wild","Final","Minnesota Wild","Dallas Stars",0.5627,0.4373,"401869784","2","3","50-20-12","46-24-12",68.3,63.4,3.4,3.32,2.76,2.93,20,20,80,80,0.91,0.91,"09:30 PM ET"
"2026-04-25","Pittsburgh Penguins","Philadelphia Flyers","Final","Pittsburgh Penguins","Philadelphia Flyers",0.4621,0.5379,"401869799","4","2","41-25-16","43-27-12",59.8,59.8,3.57,3.05,3.27,2.96,20,20,80,80,0.91,0.91,"12:00 AM ET"
"2026-04-26","Buffalo Sabres","Boston Bruins","Final","Buffalo Sabres","Buffalo Sabres",0.5663,0.4337,"401869762","6","1","50-23-9","45-27-10",66.5,61,3.51,3.32,2.94,3.05,20,20,80,80,0.91,0.91,"06:00 PM ET"
"2026-04-26","Colorado Avalanche","Los Angeles Kings","Final","Colorado Avalanche","Colorado Avalanche",0.746,0.254,"401869795","5","1","55-16-11","35-27-20",73.8,54.9,3.68,2.74,2.48,3.01,20,20,80,80,0.91,0.91,"08:30 PM ET"
"2026-04-26","Tampa Bay Lightning","Montreal Canadiens","Final","Tampa Bay Lightning","Tampa Bay Lightning",0.5021,0.4979,"401869773","3","2","50-26-6","48-24-10",64.6,64.6,3.54,3.45,2.82,3.12,20,20,80,80,0.91,0.91,"11:00 PM ET"
"2026-04-26","Edmonton Oilers","Anaheim Ducks","Final","Anaheim Ducks","Edmonton Oilers",0.5062,0.4938,"401869772","3","4","41-30-11","43-33-6",56.7,56.1,3.44,3.33,3.28,3.51,20,20,80,80,0.91,0.91,"01:52 AM ET"
"2026-04-27","Philadelphia Flyers","Pittsburgh Penguins","Final","Pittsburgh Penguins","Philadelphia Flyers",0.5096,0.4904,"401869801","2","3","43-27-12","41-25-16",59.8,59.8,3.05,3.57,2.96,3.27,20,20,80,80,0.91,0.91,"11:00 PM ET"
"2026-04-27","Vegas Golden Knights","Utah Mammoth","Final","Vegas Golden Knights","Vegas Golden Knights",0.5045,0.4955,"401869760","5","4","39-26-17","43-33-6",57.9,56.1,3.23,3.27,3.05,2.93,20,20,80,80,0.91,0.91,"01:50 AM ET"
"2026-04-28","Boston Bruins","Buffalo Sabres","Final","Boston Bruins","Buffalo Sabres",0.406,0.594,"401869764","2","1","45-27-10","50-23-9",61,66.5,3.32,3.51,3.05,2.94,20,20,80,80,0.91,0.91,"11:30 PM ET"
"2026-04-28","Minnesota Wild","Dallas Stars","Final","Minnesota Wild","Dallas Stars",0.4096,0.5904,"401869785","4","2","46-24-12","50-20-12",63.4,68.3,3.32,3.4,2.93,2.76,20,20,80,80,0.91,0.91,"12:00 AM ET"
"2026-04-28","Anaheim Ducks","Edmonton Oilers","Final","Edmonton Oilers","Edmonton Oilers",0.4655,0.5345,"401869774","1","4","43-33-6","41-30-11",56.1,56.7,3.33,3.44,3.51,3.28,20,20,80,80,0.91,0.91,"02:00 AM ET"
"2026-04-29","Montreal Canadiens","Tampa Bay Lightning","Final","Montreal Canadiens","Tampa Bay Lightning",0.4696,0.5304,"401869775","3","2","48-24-10","50-26-6",64.6,64.6,3.45,3.54,3.12,2.82,20,20,80,80,0.91,0.91,"11:00 PM ET"
"2026-04-29","Pittsburgh Penguins","Philadelphia Flyers","Final","Philadelphia Flyers","Philadelphia Flyers",0.4621,0.5379,"401869802","0","1","41-25-16","43-27-12",59.8,59.8,3.57,3.05,3.27,2.96,20,20,80,80,0.91,0.91,"11:30 PM ET"
"2026-04-29","Utah Mammoth","Vegas Golden Knights","Final","Vegas Golden Knights","Vegas Golden Knights",0.4672,0.5328,"401869761","4","5","43-33-6","39-26-17",56.1,57.9,3.27,3.23,2.93,3.05,20,20,80,80,0.91,0.91,"02:00 AM ET"
"2026-04-30","Dallas Stars","Minnesota Wild","Final","Minnesota Wild","Dallas Stars",0.5627,0.4373,"401869787","2","5","50-20-12","46-24-12",68.3,63.4,3.4,3.32,2.76,2.93,20,20,80,80,0.91,0.91,"11:30 PM ET"
"2026-04-30","Edmonton Oilers","Anaheim Ducks","Final","Anaheim Ducks","Edmonton Oilers",0.5062,0.4938,"401869776","2","5","41-30-11","43-33-6",56.7,56.1,3.44,3.33,3.28,3.51,20,20,80,80,0.91,0.91,"02:00 AM ET"
"2026-05-01","Tampa Bay Lightning","Montreal Canadiens","Final","Tampa Bay Lightning","Tampa Bay Lightning",0.5021,0.4979,"401869777","1","0","50-26-6","48-24-10",64.6,64.6,3.54,3.45,2.82,3.12,20,20,80,80,0.91,0.91,"11:00 PM ET"
"2026-05-01","Buffalo Sabres","Boston Bruins","Final","Buffalo Sabres","Buffalo Sabres",0.5663,0.4337,"401869765","4","1","50-23-9","45-27-10",66.5,61,3.51,3.32,2.94,3.05,20,20,80,80,0.91,0.91,"11:30 PM ET"
"2026-05-01","Vegas Golden Knights","Utah Mammoth","Final","Vegas Golden Knights","Vegas Golden Knights",0.5045,0.4955,"401869763","5","1","39-26-17","43-33-6",57.9,56.1,3.23,3.27,3.05,2.93,20,20,80,80,0.91,0.91,"02:20 AM ET"
"2026-05-02","Philadelphia Flyers","Carolina Hurricanes","Final","Carolina Hurricanes","Carolina Hurricanes",0.3668,0.6332,"401871166","0","3","43-27-12","53-22-7",59.8,68.9,3.05,3.61,2.96,2.93,20,20,80,80,0.91,0.91,"12:00 AM ET"
"2026-05-03","Montreal Canadiens","Tampa Bay Lightning","Final","Montreal Canadiens","Tampa Bay Lightning",0.4696,0.5304,"401869779","2","1","48-24-10","50-26-6",64.6,64.6,3.45,3.54,3.12,2.82,20,20,80,80,0.91,0.91,"10:00 PM ET"
"2026-05-03","Minnesota Wild","Colorado Avalanche","Final","Colorado Avalanche","Colorado Avalanche",0.3264,0.6736,"401871302","6","9","46-24-12","55-16-11",63.4,73.8,3.32,3.68,2.93,2.48,20,20,80,80,0.91,0.91,"01:00 AM ET"
"2026-05-04","Philadelphia Flyers","Carolina Hurricanes","Final","Carolina Hurricanes","Carolina Hurricanes",0.3668,0.6332,"401871411","2","3","43-27-12","53-22-7",59.8,68.9,3.05,3.61,2.96,2.93,20,20,80,80,0.91,0.91,"11:00 PM ET"
"2026-05-04","Anaheim Ducks","Vegas Golden Knights","Final","Vegas Golden Knights","Vegas Golden Knights",0.4335,0.5665,"401871423","1","3","43-33-6","39-26-17",56.1,57.9,3.33,3.23,3.51,3.05,20,20,80,80,0.91,0.91,"01:50 AM ET"
"2026-05-05","Minnesota Wild","Colorado Avalanche","Final","Colorado Avalanche","Colorado Avalanche",0.3264,0.6736,"401871417","2","5","46-24-12","55-16-11",63.4,73.8,3.32,3.68,2.93,2.48,20,20,80,80,0.91,0.91,"12:00 AM ET"
"2026-05-06","Montreal Canadiens","Buffalo Sabres","Final","Buffalo Sabres","Buffalo Sabres",0.4498,0.5502,"401871404","2","4","48-24-10","50-23-9",64.6,66.5,3.45,3.51,3.12,2.94,20,20,80,80,0.91,0.91,"11:00 PM ET"
"2026-05-06","Anaheim Ducks","Vegas Golden Knights","Final","Anaheim Ducks","Vegas Golden Knights",0.4335,0.5665,"401871424","3","1","43-33-6","39-26-17",56.1,57.9,3.33,3.23,3.51,3.05,20,20,80,80,0.91,0.91,"01:30 AM ET"
"2026-05-07","Carolina Hurricanes","Philadelphia Flyers","Final","Carolina Hurricanes","Carolina Hurricanes",0.6065,0.3935,"401871412","4","1","53-22-7","43-27-12",68.9,59.8,3.61,3.05,2.93,2.96,20,20,80,80,0.91,0.91,"12:00 AM ET"
"2026-05-08","Montreal Canadiens","Buffalo Sabres","Final","Montreal Canadiens","Buffalo Sabres",0.4498,0.5502,"401871405","5","1","48-24-10","50-23-9",64.6,66.5,3.45,3.51,3.12,2.94,20,20,80,80,0.91,0.91,"11:00 PM ET"
"2026-05-08","Vegas Golden Knights","Anaheim Ducks","Final","Vegas Golden Knights","Vegas Golden Knights",0.5385,0.4615,"401871425","6","2","39-26-17","43-33-6",57.9,56.1,3.23,3.33,3.05,3.51,20,20,80,80,0.91,0.91,"01:30 AM ET"
"2026-05-09","Carolina Hurricanes","Philadelphia Flyers","Final","Carolina Hurricanes","Carolina Hurricanes",0.6065,0.3935,"401871413","3","2","53-22-7","43-27-12",68.9,59.8,3.61,3.05,2.93,2.96,20,20,80,80,0.91,0.91,"10:00 PM ET"
"2026-05-09","Colorado Avalanche","Minnesota Wild","Final","Minnesota Wild","Colorado Avalanche",0.6482,0.3518,"401871418","1","5","55-16-11","46-24-12",73.8,63.4,3.68,3.32,2.48,2.93,20,20,80,80,0.91,0.91,"01:00 AM ET"
"2026-05-10","Buffalo Sabres","Montreal Canadiens","Final","Montreal Canadiens","Buffalo Sabres",0.522,0.478,"401871406","2","6","50-23-9","48-24-10",66.5,64.6,3.51,3.45,2.94,3.12,20,20,80,80,0.91,0.91,"11:00 PM ET"
"2026-05-10","Vegas Golden Knights","Anaheim Ducks","Final","Anaheim Ducks","Vegas Golden Knights",0.5385,0.4615,"401871426","3","4","39-26-17","43-33-6",57.9,56.1,3.23,3.33,3.05,3.51,20,20,80,80,0.91,0.91,"01:30 AM ET"
"2026-05-11","Colorado Avalanche","Minnesota Wild","Final","Colorado Avalanche","Colorado Avalanche",0.6482,0.3518,"401871419","5","2","55-16-11","46-24-12",73.8,63.4,3.68,3.32,2.48,2.93,20,20,80,80,0.91,0.91,"12:00 AM ET"
"2026-05-12","Buffalo Sabres","Montreal Canadiens","Final","Buffalo Sabres","Buffalo Sabres",0.522,0.478,"401871407","3","2","50-23-9","48-24-10",66.5,64.6,3.51,3.45,2.94,3.12,20,20,80,80,0.91,0.91,"11:00 PM ET"
"2026-05-12","Anaheim Ducks","Vegas Golden Knights","Final","Vegas Golden Knights","Vegas Golden Knights",0.4335,0.5665,"401871427","2","3","43-33-6","39-26-17",56.1,57.9,3.33,3.23,3.51,3.05,20,20,80,80,0.91,0.91,"01:52 AM ET"
"2026-05-13","Minnesota Wild","Colorado Avalanche","Final","Colorado Avalanche","Colorado Avalanche",0.3264,0.6736,"401871420","3","4","46-24-12","55-16-11",63.4,73.8,3.32,3.68,2.93,2.48,20,20,80,80,0.91,0.91,"12:00 AM ET"
"2026-05-14","Montreal Canadiens","Buffalo Sabres","Final","Montreal Canadiens","Buffalo Sabres",0.4498,0.5502,"401871408","6","3","48-24-10","50-23-9",64.6,66.5,3.45,3.51,3.12,2.94,20,20,80,80,0.91,0.91,"11:00 PM ET"
"2026-05-14","Vegas Golden Knights","Anaheim Ducks","Final","Vegas Golden Knights","Vegas Golden Knights",0.5385,0.4615,"401871428","5","1","39-26-17","43-33-6",57.9,56.1,3.23,3.33,3.05,3.51,20,20,80,80,0.91,0.91,"01:30 AM ET"
"2026-05-16","Buffalo Sabres","Montreal Canadiens","Scheduled","","Buffalo Sabres",0.522,0.478,"401871409","0","0","50-23-9","48-24-10",66.5,64.6,3.51,3.45,2.94,3.12,20,20,80,80,0.91,0.91,"12:00 AM ET"
"2026-05-18","Montreal Canadiens","Buffalo Sabres","Scheduled","","Buffalo Sabres",0.4498,0.5502,"401871410","0","0","48-24-10","50-23-9",64.6,66.5,3.45,3.51,3.12,2.94,20,20,80,80,0.91,0.91,"11:30 PM ET"
"2026-05-20","Vegas Golden Knights","Colorado Avalanche","Scheduled","","Colorado Avalanche",0.2583,0.7417,"401872903","0","0","39-26-17","55-16-11",57.9,73.8,3.23,3.68,3.05,2.48,20,20,80,80,0.91,0.91,"12:00 AM ET"
"2026-05-22","Vegas Golden Knights","Colorado Avalanche","Scheduled","","Colorado Avalanche",0.2583,0.7417,"401872904","0","0","39-26-17","55-16-11",57.9,73.8,3.23,3.68,3.05,2.48,20,20,80,80,0.91,0.91,"12:00 AM ET"
"2026-05-24","Colorado Avalanche","Vegas Golden Knights","Scheduled","","Colorado Avalanche",0.7194,0.2806,"401872905","0","0","55-16-11","39-26-17",73.8,57.9,3.68,3.23,2.48,3.05,20,20,80,80,0.91,0.91,"12:00 AM ET"
"2026-05-26","Colorado Avalanche","Vegas Golden Knights","Scheduled","","Colorado Avalanche",0.7194,0.2806,"401872906","0","0","55-16-11","39-26-17",73.8,57.9,3.68,3.23,2.48,3.05,20,20,80,80,0.91,0.91,"04:00 AM ET"
"2026-05-28","Vegas Golden Knights","Colorado Avalanche","Scheduled","","Colorado Avalanche",0.2583,0.7417,"401872907","0","0","39-26-17","55-16-11",57.9,73.8,3.23,3.68,3.05,2.48,20,20,80,80,0.91,0.91,"12:00 AM ET"
